Driver,Team,LapNumber,LapTime,Sector1Time,Sector2Time,Sector3Time,Compound,TyreLife,SpeedI1,SpeedI2,SpeedFL,SpeedST,SectorBalance,TyreAge_Bucket,IsAnomaly
VER,Red Bull Racing,2.0,96.296,30.916,41.661,23.719,SOFT,5.0,232.0,248.0,276.0,287.0,7.196999999999999,Fresh,False
VER,Red Bull Racing,3.0,96.753,30.999,41.966,23.788,SOFT,6.0,231.0,243.0,276.0,290.0,7.2109999999999985,Fresh,False
VER,Red Bull Racing,4.0,96.647,30.931,41.892,23.824,SOFT,7.0,233.0,253.0,276.0,290.0,7.106999999999999,Fresh,False
VER,Red Bull Racing,5.0,97.173,31.255,42.056,23.862,SOFT,8.0,231.0,245.0,276.0,289.0,7.393000000000001,Fresh,False
VER,Red Bull Racing,6.0,97.092,31.041,42.187,23.864,SOFT,9.0,231.0,247.0,276.0,296.0,7.177,Fresh,False
VER,Red Bull Racing,7.0,97.038,31.015,42.118,23.905,SOFT,10.0,232.0,242.0,277.0,291.0,7.109999999999999,Fresh,False
VER,Red Bull Racing,8.0,97.024,31.041,42.077,23.906,SOFT,11.0,231.0,250.0,277.0,291.0,7.135000000000002,Used,False
VER,Red Bull Racing,9.0,97.229,31.1,42.166,23.963,SOFT,12.0,231.0,243.0,276.0,292.0,7.1370000000000005,Used,False
VER,Red Bull Racing,10.0,96.96,30.986,42.009,23.965,SOFT,13.0,232.0,244.0,277.0,293.0,7.021000000000001,Used,False
VER,Red Bull Racing,11.0,97.085,30.974,42.142,23.969,SOFT,14.0,232.0,246.0,277.0,292.0,7.004999999999999,Used,False
VER,Red Bull Racing,12.0,97.045,30.966,42.091,23.988,SOFT,15.0,234.0,249.0,277.0,292.0,6.9780000000000015,Used,False
VER,Red Bull Racing,13.0,97.03,30.964,42.055,24.011,SOFT,16.0,233.0,251.0,277.0,292.0,6.952999999999999,Used,False
VER,Red Bull Racing,14.0,97.028,30.938,42.042,24.048,SOFT,17.0,233.0,253.0,277.0,293.0,6.890000000000001,Used,False
VER,Red Bull Racing,15.0,97.011,30.887,42.058,24.066,SOFT,18.0,232.0,254.0,276.0,293.0,6.8210000000000015,Used,False
VER,Red Bull Racing,16.0,97.168,31.048,42.032,24.088,SOFT,19.0,233.0,260.0,277.0,292.0,6.959999999999997,Used,False
VER,Red Bull Racing,17.0,99.896,31.006,42.06,26.83,SOFT,20.0,232.0,262.0,,293.0,4.176000000000002,Used,False
VER,Red Bull Racing,18.0,117.854,52.815,41.511,23.528,HARD,1.0,232.0,252.0,277.0,212.0,29.287,Fresh,True
VER,Red Bull Racing,19.0,95.283,30.628,41.162,23.493,HARD,2.0,233.0,248.0,278.0,288.0,7.135000000000002,Fresh,False
VER,Red Bull Racing,20.0,95.16,30.585,41.1,23.475,HARD,3.0,233.0,256.0,278.0,291.0,7.109999999999999,Fresh,False
VER,Red Bull Racing,21.0,95.316,30.576,41.24,23.5,HARD,4.0,235.0,251.0,278.0,293.0,7.0760000000000005,Fresh,False
VER,Red Bull Racing,22.0,95.204,30.56,41.142,23.502,HARD,5.0,234.0,254.0,279.0,294.0,7.058,Fresh,False
VER,Red Bull Racing,23.0,95.216,30.553,41.145,23.518,HARD,6.0,234.0,253.0,279.0,294.0,7.035,Fresh,False
VER,Red Bull Racing,24.0,95.289,30.548,41.257,23.484,HARD,7.0,234.0,257.0,279.0,294.0,7.0639999999999965,Fresh,False
VER,Red Bull Racing,25.0,95.342,30.518,41.282,23.542,HARD,8.0,233.0,250.0,279.0,295.0,6.975999999999999,Fresh,False
VER,Red Bull Racing,26.0,95.223,30.522,41.14,23.561,HARD,9.0,235.0,257.0,279.0,295.0,6.9609999999999985,Fresh,False
VER,Red Bull Racing,27.0,95.581,30.649,41.338,23.594,HARD,10.0,230.0,250.0,279.0,294.0,7.055,Fresh,False
VER,Red Bull Racing,28.0,95.477,30.588,41.272,23.617,HARD,11.0,233.0,258.0,278.0,293.0,6.971,Used,False
VER,Red Bull Racing,29.0,95.793,30.679,41.485,23.629,HARD,12.0,234.0,258.0,279.0,293.0,7.049999999999997,Used,False
VER,Red Bull Racing,30.0,95.771,30.657,41.47,23.644,HARD,13.0,234.0,254.0,279.0,294.0,7.013000000000002,Used,False
VER,Red Bull Racing,31.0,95.679,30.635,41.435,23.609,HARD,14.0,234.0,260.0,279.0,295.0,7.026,Used,False
VER,Red Bull Racing,32.0,95.886,30.669,41.519,23.698,HARD,15.0,234.0,260.0,279.0,296.0,6.971,Used,False
VER,Red Bull Racing,33.0,95.863,30.69,41.459,23.714,HARD,16.0,233.0,258.0,279.0,295.0,6.976000000000003,Used,False
VER,Red Bull Racing,34.0,96.133,30.685,41.661,23.787,HARD,17.0,233.0,261.0,279.0,296.0,6.898,Used,False
VER,Red Bull Racing,35.0,96.018,30.727,41.557,23.734,HARD,18.0,234.0,260.0,279.0,295.0,6.9929999999999986,Used,False
VER,Red Bull Racing,36.0,96.205,30.794,41.561,23.85,HARD,19.0,234.0,263.0,280.0,297.0,6.943999999999999,Used,False
VER,Red Bull Racing,37.0,99.234,30.877,41.634,26.723,HARD,20.0,233.0,264.0,,297.0,4.154,Used,False
VER,Red Bull Racing,38.0,116.445,51.526,41.562,23.357,SOFT,1.0,236.0,258.0,280.0,217.0,28.169000000000004,Fresh,True
VER,Red Bull Racing,39.0,92.608,29.741,39.916,22.951,SOFT,2.0,239.0,265.0,281.0,299.0,6.789999999999999,Fresh,False
VER,Red Bull Racing,40.0,96.589,31.014,42.023,23.552,SOFT,3.0,234.0,245.0,281.0,275.0,7.462,Fresh,False
VER,Red Bull Racing,41.0,95.29,30.697,41.281,23.312,SOFT,4.0,237.0,252.0,281.0,292.0,7.384999999999998,Fresh,False
VER,Red Bull Racing,42.0,94.667,30.477,40.996,23.194,SOFT,5.0,237.0,261.0,281.0,294.0,7.283000000000001,Fresh,False
VER,Red Bull Racing,43.0,94.151,30.132,40.772,23.247,SOFT,6.0,237.0,261.0,281.0,296.0,6.885000000000002,Fresh,False
VER,Red Bull Racing,44.0,94.531,30.348,40.805,23.378,SOFT,7.0,237.0,264.0,281.0,293.0,6.969999999999999,Fresh,False
VER,Red Bull Racing,45.0,94.249,30.18,40.825,23.244,SOFT,8.0,237.0,260.0,281.0,295.0,6.936,Fresh,False
VER,Red Bull Racing,46.0,94.193,30.301,40.682,23.21,SOFT,9.0,235.0,264.0,281.0,297.0,7.0909999999999975,Fresh,False
VER,Red Bull Racing,47.0,94.239,30.267,40.704,23.268,SOFT,10.0,235.0,263.0,281.0,295.0,6.998999999999999,Fresh,False
VER,Red Bull Racing,48.0,94.35,30.245,40.738,23.367,SOFT,11.0,235.0,264.0,282.0,297.0,6.878,Used,False
VER,Red Bull Racing,49.0,94.403,30.246,40.804,23.353,SOFT,12.0,235.0,261.0,282.0,298.0,6.892999999999997,Used,False
VER,Red Bull Racing,50.0,94.783,30.229,40.928,23.626,SOFT,13.0,236.0,265.0,289.0,298.0,6.602999999999998,Used,False
VER,Red Bull Racing,51.0,94.34,30.003,40.834,23.503,SOFT,14.0,236.0,267.0,282.0,314.0,6.5,Used,False
VER,Red Bull Racing,52.0,94.906,30.333,40.919,23.654,SOFT,15.0,235.0,266.0,284.0,299.0,6.6789999999999985,Used,False
VER,Red Bull Racing,53.0,95.6,30.528,41.382,23.69,SOFT,16.0,237.0,270.0,284.0,300.0,6.837999999999997,Used,False
VER,Red Bull Racing,54.0,95.334,30.427,41.227,23.68,SOFT,17.0,236.0,270.0,283.0,301.0,6.747,Used,False
VER,Red Bull Racing,55.0,95.184,30.493,41.22,23.471,SOFT,18.0,236.0,267.0,281.0,296.0,7.0219999999999985,Used,False
VER,Red Bull Racing,56.0,94.671,30.256,40.87,23.545,SOFT,19.0,236.0,267.0,281.0,297.0,6.7109999999999985,Used,False
VER,Red Bull Racing,57.0,94.923,30.384,40.91,23.629,SOFT,20.0,236.0,267.0,275.0,296.0,6.754999999999999,Used,False
PER,Red Bull Racing,2.0,96.541,30.678,41.867,23.996,SOFT,5.0,234.0,257.0,285.0,302.0,6.682000000000002,Fresh,False
PER,Red Bull Racing,3.0,97.297,30.596,42.478,24.223,SOFT,6.0,231.0,245.0,284.0,315.0,6.373000000000001,Fresh,False
PER,Red Bull Racing,4.0,97.722,30.716,42.623,24.383,SOFT,7.0,233.0,246.0,283.0,314.0,6.333000000000002,Fresh,False
PER,Red Bull Racing,5.0,98.044,30.997,42.754,24.293,SOFT,8.0,227.0,249.0,285.0,320.0,6.704000000000001,Fresh,False
PER,Red Bull Racing,6.0,97.823,30.843,42.702,24.278,SOFT,9.0,226.0,249.0,285.0,320.0,6.565000000000001,Fresh,False
PER,Red Bull Racing,7.0,97.821,31.013,42.682,24.126,SOFT,10.0,232.0,259.0,278.0,316.0,6.8870000000000005,Fresh,False
PER,Red Bull Racing,8.0,97.838,31.305,42.428,24.105,SOFT,11.0,232.0,261.0,278.0,302.0,7.199999999999999,Used,False
PER,Red Bull Racing,9.0,97.596,31.145,42.395,24.056,SOFT,12.0,228.0,257.0,278.0,302.0,7.088999999999999,Used,False
PER,Red Bull Racing,10.0,97.63,31.178,42.322,24.13,SOFT,13.0,229.0,259.0,279.0,300.0,7.048000000000002,Used,False
PER,Red Bull Racing,11.0,97.836,31.054,42.473,24.309,SOFT,14.0,233.0,258.0,282.0,300.0,6.744999999999997,Used,False
PER,Red Bull Racing,12.0,100.277,30.891,42.506,26.88,SOFT,15.0,228.0,257.0,,312.0,4.010999999999999,Used,False
PER,Red Bull Racing,13.0,117.624,51.896,41.803,23.925,HARD,1.0,231.0,260.0,288.0,217.0,27.971,Fresh,True
PER,Red Bull Racing,14.0,95.606,30.063,41.855,23.688,HARD,2.0,234.0,263.0,279.0,320.0,6.375,Fresh,False
PER,Red Bull Racing,15.0,96.815,30.785,41.795,24.235,HARD,3.0,229.0,255.0,283.0,299.0,6.550000000000001,Fresh,False
PER,Red Bull Racing,16.0,95.783,30.569,41.558,23.656,HARD,4.0,228.0,256.0,277.0,316.0,6.913,Fresh,False
PER,Red Bull Racing,17.0,96.454,30.922,41.823,23.709,HARD,5.0,228.0,258.0,278.0,294.0,7.213000000000001,Fresh,False
PER,Red Bull Racing,18.0,96.311,30.803,41.835,23.673,HARD,6.0,235.0,259.0,278.0,291.0,7.130000000000003,Fresh,False
PER,Red Bull Racing,19.0,96.038,30.702,41.633,23.703,HARD,7.0,236.0,254.0,278.0,298.0,6.999000000000002,Fresh,False
PER,Red Bull Racing,20.0,96.278,30.918,41.686,23.674,HARD,8.0,230.0,260.0,278.0,298.0,7.244,Fresh,False
PER,Red Bull Racing,21.0,96.165,30.849,41.61,23.706,HARD,9.0,230.0,263.0,277.0,298.0,7.143000000000001,Fresh,False
PER,Red Bull Racing,22.0,96.037,30.824,41.536,23.677,HARD,10.0,232.0,263.0,278.0,295.0,7.147000000000002,Fresh,False
PER,Red Bull Racing,23.0,96.249,30.84,41.729,23.68,HARD,11.0,230.0,262.0,279.0,299.0,7.16,Used,False
PER,Red Bull Racing,24.0,96.211,30.792,41.687,23.732,HARD,12.0,235.0,261.0,278.0,299.0,7.060000000000002,Used,False
PER,Red Bull Racing,25.0,96.344,30.878,41.719,23.747,HARD,13.0,233.0,260.0,279.0,297.0,7.131,Used,False
PER,Red Bull Racing,26.0,96.347,30.938,41.666,23.743,HARD,14.0,232.0,263.0,278.0,298.0,7.195,Used,False
PER,Red Bull Racing,27.0,96.233,30.853,41.543,23.837,HARD,15.0,235.0,263.0,279.0,299.0,7.016000000000002,Used,False
PER,Red Bull Racing,28.0,96.226,30.929,41.588,23.709,HARD,16.0,233.0,264.0,279.0,299.0,7.219999999999999,Used,False
PER,Red Bull Racing,29.0,96.437,30.926,41.749,23.762,HARD,17.0,228.0,263.0,279.0,298.0,7.163999999999998,Used,False
PER,Red Bull Racing,30.0,96.313,30.916,41.643,23.754,HARD,18.0,230.0,263.0,279.0,299.0,7.161999999999999,Used,False
PER,Red Bull Racing,31.0,96.339,30.843,41.752,23.744,HARD,19.0,231.0,263.0,279.0,299.0,7.099,Used,False
PER,Red Bull Racing,32.0,96.276,30.856,41.671,23.749,HARD,20.0,233.0,263.0,279.0,300.0,7.107000000000003,Used,False
PER,Red Bull Racing,33.0,96.564,30.907,41.752,23.905,HARD,21.0,230.0,264.0,279.0,299.0,7.001999999999999,Used,False
PER,Red Bull Racing,34.0,96.378,30.84,41.734,23.804,HARD,22.0,233.0,265.0,279.0,301.0,7.036000000000001,Used,False
PER,Red Bull Racing,35.0,96.776,30.938,41.91,23.928,HARD,23.0,231.0,261.0,279.0,299.0,7.009999999999998,Used,False
PER,Red Bull Racing,36.0,99.365,31.014,41.781,26.57,HARD,24.0,234.0,264.0,,299.0,4.443999999999999,Used,False
PER,Red Bull Racing,37.0,115.808,51.096,41.214,23.498,SOFT,1.0,237.0,254.0,280.0,223.0,27.597999999999995,Fresh,True
PER,Red Bull Racing,38.0,94.804,30.581,40.931,23.292,SOFT,2.0,233.0,256.0,281.0,295.0,7.288999999999998,Fresh,False
PER,Red Bull Racing,39.0,94.607,30.563,40.893,23.151,SOFT,3.0,233.0,260.0,281.0,294.0,7.411999999999999,Fresh,False
PER,Red Bull Racing,40.0,94.364,30.4,40.772,23.192,SOFT,4.0,234.0,257.0,281.0,297.0,7.207999999999998,Fresh,False
PER,Red Bull Racing,41.0,94.4,30.351,40.884,23.165,SOFT,5.0,239.0,258.0,281.0,301.0,7.186,Fresh,False
PER,Red Bull Racing,42.0,94.525,30.299,40.985,23.241,SOFT,6.0,238.0,260.0,281.0,301.0,7.058,Fresh,False
PER,Red Bull Racing,43.0,94.797,30.403,41.148,23.246,SOFT,7.0,236.0,262.0,281.0,301.0,7.157,Fresh,False
PER,Red Bull Racing,44.0,94.799,30.389,41.028,23.382,SOFT,8.0,235.0,257.0,282.0,298.0,7.006999999999998,Fresh,False
PER,Red Bull Racing,45.0,94.592,30.338,40.986,23.268,SOFT,9.0,234.0,263.0,281.0,298.0,7.07,Fresh,False
PER,Red Bull Racing,46.0,94.844,30.41,41.109,23.325,SOFT,10.0,233.0,262.0,281.0,297.0,7.085000000000001,Fresh,False
PER,Red Bull Racing,47.0,94.73,30.281,41.074,23.375,SOFT,11.0,235.0,262.0,281.0,299.0,6.905999999999999,Used,False
PER,Red Bull Racing,48.0,94.885,30.358,41.147,23.38,SOFT,12.0,234.0,264.0,281.0,302.0,6.9780000000000015,Used,False
PER,Red Bull Racing,49.0,94.966,30.4,41.133,23.433,SOFT,13.0,234.0,262.0,281.0,300.0,6.966999999999999,Used,False
PER,Red Bull Racing,50.0,95.082,30.366,41.337,23.379,SOFT,14.0,236.0,263.0,281.0,301.0,6.986999999999998,Used,False
PER,Red Bull Racing,51.0,94.94,30.36,41.144,23.436,SOFT,15.0,235.0,265.0,281.0,304.0,6.9239999999999995,Used,False
PER,Red Bull Racing,52.0,95.183,30.577,41.129,23.477,SOFT,16.0,234.0,266.0,282.0,299.0,7.100000000000001,Used,False
PER,Red Bull Racing,53.0,95.842,30.638,41.522,23.682,SOFT,17.0,235.0,266.0,281.0,299.0,6.956000000000003,Used,False
PER,Red Bull Racing,54.0,95.459,30.578,41.382,23.499,SOFT,18.0,234.0,265.0,282.0,302.0,7.079000000000001,Used,False
PER,Red Bull Racing,55.0,95.611,30.683,41.42,23.508,SOFT,19.0,233.0,264.0,282.0,303.0,7.175000000000001,Used,False
PER,Red Bull Racing,56.0,95.568,30.539,41.406,23.623,SOFT,20.0,235.0,266.0,283.0,304.0,6.916,Used,False
PER,Red Bull Racing,57.0,95.746,30.521,41.6,23.625,SOFT,21.0,236.0,267.0,282.0,306.0,6.896000000000001,Used,False
SAI,Ferrari,2.0,97.236,30.974,42.366,23.896,SOFT,5.0,235.0,244.0,279.0,297.0,7.077999999999999,Fresh,False
SAI,Ferrari,3.0,97.08,31.049,42.179,23.852,SOFT,6.0,233.0,246.0,280.0,300.0,7.196999999999999,Fresh,False
SAI,Ferrari,4.0,97.264,30.957,42.373,23.934,SOFT,7.0,234.0,245.0,285.0,304.0,7.023,Fresh,False
SAI,Ferrari,5.0,98.032,30.967,42.821,24.244,SOFT,8.0,232.0,245.0,286.0,324.0,6.722999999999999,Fresh,False
SAI,Ferrari,6.0,97.741,30.879,42.803,24.059,SOFT,9.0,233.0,243.0,286.0,325.0,6.82,Fresh,False
SAI,Ferrari,7.0,98.26,30.847,43.148,24.265,SOFT,10.0,234.0,242.0,286.0,326.0,6.582000000000001,Fresh,False
SAI,Ferrari,8.0,98.183,31.341,42.701,24.141,SOFT,11.0,232.0,246.0,287.0,316.0,7.200000000000003,Used,False
SAI,Ferrari,9.0,98.03,30.99,42.868,24.172,SOFT,12.0,234.0,247.0,285.0,323.0,6.817999999999998,Used,False
SAI,Ferrari,10.0,97.608,30.819,42.638,24.151,SOFT,13.0,233.0,248.0,287.0,319.0,6.667999999999999,Used,False
SAI,Ferrari,11.0,97.656,31.266,42.386,24.004,SOFT,14.0,232.0,252.0,280.0,324.0,7.261999999999997,Used,False
SAI,Ferrari,12.0,97.65,31.089,42.46,24.101,SOFT,15.0,232.0,248.0,277.0,299.0,6.9879999999999995,Used,False
SAI,Ferrari,13.0,97.243,31.025,42.212,24.006,SOFT,16.0,233.0,250.0,277.0,298.0,7.018999999999998,Used,False
SAI,Ferrari,14.0,99.753,31.011,42.119,26.623,SOFT,17.0,235.0,258.0,,298.0,4.387999999999998,Used,False
SAI,Ferrari,15.0,117.225,51.656,42.013,23.556,HARD,1.0,236.0,252.0,286.0,220.0,28.099999999999998,Fresh,True
SAI,Ferrari,16.0,96.376,30.412,42.131,23.833,HARD,2.0,236.0,247.0,289.0,325.0,6.579000000000001,Fresh,False
SAI,Ferrari,17.0,95.507,30.202,41.758,23.547,HARD,3.0,233.0,251.0,286.0,332.0,6.655000000000001,Fresh,False
SAI,Ferrari,18.0,96.088,30.59,41.964,23.534,HARD,4.0,233.0,249.0,279.0,322.0,7.056000000000001,Fresh,False
SAI,Ferrari,19.0,96.236,30.805,41.897,23.534,HARD,5.0,234.0,248.0,279.0,293.0,7.271000000000001,Fresh,False
SAI,Ferrari,20.0,96.034,30.786,41.66,23.588,HARD,6.0,235.0,252.0,279.0,297.0,7.198,Fresh,False
SAI,Ferrari,21.0,96.104,30.796,41.752,23.556,HARD,7.0,235.0,252.0,279.0,298.0,7.239999999999998,Fresh,False
SAI,Ferrari,22.0,96.008,30.686,41.77,23.552,HARD,8.0,235.0,253.0,280.0,299.0,7.134,Fresh,False
SAI,Ferrari,23.0,96.149,30.738,41.797,23.614,HARD,9.0,236.0,252.0,280.0,300.0,7.123999999999999,Fresh,False
SAI,Ferrari,24.0,96.2,30.698,41.881,23.621,HARD,10.0,236.0,251.0,280.0,301.0,7.077000000000002,Fresh,False
SAI,Ferrari,25.0,96.22,30.724,41.907,23.589,HARD,11.0,233.0,251.0,280.0,301.0,7.135000000000002,Used,False
SAI,Ferrari,26.0,96.221,30.714,41.878,23.629,HARD,12.0,237.0,252.0,280.0,302.0,7.084999999999997,Used,False
SAI,Ferrari,27.0,96.272,30.807,41.836,23.629,HARD,13.0,236.0,251.0,280.0,301.0,7.177999999999997,Used,False
SAI,Ferrari,28.0,96.534,30.901,41.965,23.668,HARD,14.0,236.0,251.0,280.0,299.0,7.2330000000000005,Used,False
SAI,Ferrari,29.0,96.6,30.852,41.97,23.778,HARD,15.0,236.0,254.0,280.0,301.0,7.074000000000002,Used,False
SAI,Ferrari,30.0,96.337,30.746,41.897,23.694,HARD,16.0,236.0,253.0,280.0,303.0,7.052,Used,False
SAI,Ferrari,31.0,96.537,30.851,41.959,23.727,HARD,17.0,234.0,253.0,280.0,301.0,7.123999999999999,Used,False
SAI,Ferrari,32.0,96.762,30.873,42.115,23.774,HARD,18.0,236.0,255.0,280.0,303.0,7.099,Used,False
SAI,Ferrari,33.0,96.556,30.833,41.987,23.736,HARD,19.0,237.0,254.0,280.0,303.0,7.096999999999998,Used,False
SAI,Ferrari,34.0,96.551,30.858,41.933,23.76,HARD,20.0,236.0,254.0,280.0,301.0,7.097999999999999,Used,False
SAI,Ferrari,35.0,99.274,30.872,42.117,26.285,HARD,21.0,236.0,255.0,,301.0,4.587,Used,False
SAI,Ferrari,36.0,115.62,50.852,41.528,23.24,HARD,1.0,237.0,250.0,280.0,222.0,27.612,Fresh,True
SAI,Ferrari,37.0,95.302,30.695,41.39,23.217,HARD,2.0,237.0,250.0,282.0,296.0,7.4780000000000015,Fresh,False
SAI,Ferrari,38.0,95.1,30.631,41.329,23.14,HARD,3.0,237.0,251.0,282.0,300.0,7.491,Fresh,False
SAI,Ferrari,39.0,94.709,30.481,41.066,23.162,HARD,4.0,237.0,254.0,282.0,299.0,7.319000000000003,Fresh,False
SAI,Ferrari,40.0,94.739,30.382,41.146,23.211,HARD,5.0,238.0,254.0,282.0,303.0,7.171000000000003,Fresh,False
SAI,Ferrari,41.0,95.041,30.638,41.205,23.198,HARD,6.0,236.0,253.0,282.0,303.0,7.440000000000001,Fresh,False
SAI,Ferrari,42.0,94.861,30.448,41.195,23.218,HARD,7.0,237.0,255.0,282.0,301.0,7.23,Fresh,False
SAI,Ferrari,43.0,94.795,30.387,41.201,23.207,HARD,8.0,238.0,253.0,281.0,302.0,7.18,Fresh,False
SAI,Ferrari,44.0,94.507,30.35,40.971,23.186,HARD,9.0,237.0,255.0,282.0,301.0,7.1640000000000015,Fresh,False
SAI,Ferrari,45.0,94.79,30.398,41.123,23.269,HARD,10.0,237.0,256.0,282.0,301.0,7.129000000000001,Fresh,False
SAI,Ferrari,46.0,94.853,30.466,41.116,23.271,HARD,11.0,237.0,256.0,282.0,300.0,7.195,Used,False
SAI,Ferrari,47.0,94.901,30.455,41.086,23.36,HARD,12.0,237.0,255.0,281.0,303.0,7.094999999999999,Used,False
SAI,Ferrari,48.0,94.981,30.602,41.028,23.351,HARD,13.0,236.0,258.0,282.0,303.0,7.251000000000001,Used,False
SAI,Ferrari,49.0,95.44,30.499,41.58,23.361,HARD,14.0,237.0,254.0,282.0,302.0,7.137999999999998,Used,False
SAI,Ferrari,50.0,95.142,30.468,41.331,23.343,HARD,15.0,238.0,256.0,282.0,303.0,7.125,Used,False
SAI,Ferrari,51.0,95.282,30.502,41.387,23.393,HARD,16.0,236.0,255.0,281.0,304.0,7.108999999999998,Used,False
SAI,Ferrari,52.0,95.083,30.522,41.259,23.302,HARD,17.0,237.0,258.0,281.0,303.0,7.219999999999999,Used,False
SAI,Ferrari,53.0,95.211,30.491,41.288,23.432,HARD,18.0,237.0,258.0,283.0,301.0,7.059000000000001,Used,False
SAI,Ferrari,54.0,95.309,30.555,41.277,23.477,HARD,19.0,237.0,257.0,284.0,306.0,7.077999999999999,Used,False
SAI,Ferrari,55.0,95.407,30.699,41.192,23.516,HARD,20.0,237.0,263.0,282.0,306.0,7.183000000000003,Used,False
SAI,Ferrari,56.0,95.305,30.593,41.18,23.532,HARD,21.0,238.0,265.0,283.0,301.0,7.061,Used,False
SAI,Ferrari,57.0,95.327,30.55,41.125,23.652,HARD,22.0,239.0,269.0,282.0,305.0,6.898,Used,False
LEC,Ferrari,2.0,96.862,31.166,41.864,23.832,SOFT,5.0,232.0,240.0,277.0,293.0,7.334,Fresh,False
LEC,Ferrari,3.0,98.062,31.223,42.856,23.983,SOFT,6.0,234.0,256.0,283.0,296.0,7.239999999999998,Fresh,False
LEC,Ferrari,4.0,97.752,30.958,42.784,24.01,SOFT,7.0,233.0,242.0,279.0,313.0,6.947999999999997,Fresh,False
LEC,Ferrari,5.0,98.131,31.192,42.872,24.067,SOFT,8.0,232.0,242.0,283.0,298.0,7.125,Fresh,False
LEC,Ferrari,6.0,97.782,30.936,42.751,24.095,SOFT,9.0,230.0,242.0,283.0,312.0,6.841000000000001,Fresh,False
LEC,Ferrari,7.0,98.957,31.008,43.761,24.188,SOFT,10.0,231.0,246.0,285.0,310.0,6.82,Fresh,False
LEC,Ferrari,8.0,98.136,31.2,42.753,24.183,SOFT,11.0,232.0,258.0,284.0,316.0,7.0169999999999995,Used,False
LEC,Ferrari,9.0,97.844,31.147,42.533,24.164,SOFT,12.0,229.0,258.0,283.0,314.0,6.982999999999997,Used,False
LEC,Ferrari,10.0,97.884,30.988,42.534,24.362,SOFT,13.0,230.0,254.0,279.0,316.0,6.626000000000001,Used,False
LEC,Ferrari,11.0,101.737,32.241,42.647,26.849,SOFT,14.0,229.0,255.0,,297.0,5.3919999999999995,Used,False
LEC,Ferrari,12.0,117.471,51.178,42.371,23.922,HARD,1.0,234.0,257.0,283.0,220.0,27.255999999999997,Fresh,True
LEC,Ferrari,13.0,96.432,30.58,42.173,23.679,HARD,2.0,235.0,254.0,282.0,314.0,6.901,Fresh,False
LEC,Ferrari,14.0,96.756,30.787,42.232,23.737,HARD,3.0,236.0,247.0,282.0,305.0,7.050000000000001,Fresh,False
LEC,Ferrari,15.0,96.813,30.831,42.256,23.726,HARD,4.0,236.0,244.0,285.0,298.0,7.105,Fresh,False
LEC,Ferrari,16.0,96.673,30.606,42.32,23.747,HARD,5.0,236.0,259.0,285.0,320.0,6.859000000000002,Fresh,False
LEC,Ferrari,17.0,97.302,31.109,42.332,23.861,HARD,6.0,233.0,246.0,279.0,318.0,7.248000000000001,Fresh,False
LEC,Ferrari,18.0,97.438,31.18,42.467,23.791,HARD,7.0,233.0,243.0,279.0,298.0,7.388999999999999,Fresh,False
LEC,Ferrari,19.0,96.821,30.986,42.03,23.805,HARD,8.0,234.0,262.0,280.0,298.0,7.181000000000001,Fresh,False
LEC,Ferrari,20.0,96.794,30.839,42.103,23.852,HARD,9.0,234.0,262.0,280.0,299.0,6.986999999999998,Fresh,False
LEC,Ferrari,21.0,96.977,31.089,42.091,23.797,HARD,10.0,234.0,258.0,280.0,300.0,7.291999999999998,Fresh,False
LEC,Ferrari,22.0,96.796,30.994,41.976,23.826,HARD,11.0,234.0,257.0,280.0,299.0,7.167999999999999,Used,False
LEC,Ferrari,23.0,96.987,31.131,41.941,23.915,HARD,12.0,235.0,261.0,280.0,300.0,7.216000000000001,Used,False
LEC,Ferrari,24.0,96.924,31.083,41.904,23.937,HARD,13.0,234.0,258.0,280.0,298.0,7.145999999999997,Used,False
LEC,Ferrari,25.0,96.76,31.059,41.828,23.873,HARD,14.0,234.0,259.0,280.0,299.0,7.186,Used,False
LEC,Ferrari,26.0,96.81,30.991,41.901,23.918,HARD,15.0,234.0,259.0,280.0,300.0,7.073,Used,False
LEC,Ferrari,27.0,96.831,31.081,41.881,23.869,HARD,16.0,235.0,260.0,281.0,301.0,7.212,Used,False
LEC,Ferrari,28.0,96.907,31.019,41.971,23.917,HARD,17.0,234.0,261.0,280.0,300.0,7.101999999999997,Used,False
LEC,Ferrari,29.0,96.963,30.974,42.065,23.924,HARD,18.0,236.0,259.0,280.0,300.0,7.050000000000001,Used,False
LEC,Ferrari,30.0,97.158,31.134,42.03,23.994,HARD,19.0,235.0,260.0,281.0,301.0,7.140000000000001,Used,False
LEC,Ferrari,31.0,97.031,30.999,42.079,23.953,HARD,20.0,236.0,260.0,279.0,300.0,7.045999999999999,Used,False
LEC,Ferrari,32.0,96.941,31.153,41.922,23.866,HARD,21.0,233.0,259.0,279.0,294.0,7.286999999999999,Used,False
LEC,Ferrari,33.0,96.741,30.99,41.868,23.883,HARD,22.0,237.0,261.0,279.0,298.0,7.106999999999999,Used,False
LEC,Ferrari,34.0,99.614,31.219,41.932,26.463,HARD,23.0,237.0,260.0,,296.0,4.756,Used,False
LEC,Ferrari,35.0,116.166,51.681,41.26,23.225,HARD,1.0,235.0,265.0,289.0,219.0,28.455999999999996,Fresh,True
LEC,Ferrari,36.0,94.09,30.063,40.65,23.377,HARD,2.0,238.0,262.0,281.0,318.0,6.686,Fresh,False
LEC,Ferrari,37.0,94.897,30.611,40.962,23.324,HARD,3.0,235.0,256.0,281.0,293.0,7.286999999999999,Fresh,False
LEC,Ferrari,38.0,94.783,30.55,40.953,23.28,HARD,4.0,236.0,256.0,283.0,298.0,7.27,Fresh,False
LEC,Ferrari,39.0,95.087,30.604,41.077,23.406,HARD,5.0,236.0,260.0,282.0,298.0,7.198,Fresh,False
LEC,Ferrari,40.0,94.859,30.507,40.836,23.516,HARD,6.0,237.0,267.0,283.0,299.0,6.991000000000003,Fresh,False
LEC,Ferrari,41.0,95.028,30.539,41.033,23.456,HARD,7.0,236.0,264.0,284.0,299.0,7.083000000000002,Fresh,False
LEC,Ferrari,42.0,94.982,30.413,41.067,23.502,HARD,8.0,235.0,262.0,288.0,305.0,6.911000000000001,Fresh,False
LEC,Ferrari,43.0,95.192,30.286,41.367,23.539,HARD,9.0,236.0,261.0,287.0,315.0,6.747,Fresh,False
LEC,Ferrari,44.0,95.051,30.468,41.124,23.459,HARD,10.0,234.0,261.0,288.0,313.0,7.009,Fresh,False
LEC,Ferrari,45.0,95.22,30.355,41.281,23.584,HARD,11.0,238.0,264.0,288.0,318.0,6.771000000000001,Used,False
LEC,Ferrari,46.0,95.058,30.238,41.4,23.42,HARD,12.0,240.0,267.0,282.0,320.0,6.817999999999998,Used,False
LEC,Ferrari,47.0,95.057,30.577,41.115,23.365,HARD,13.0,236.0,262.0,281.0,301.0,7.212000000000003,Used,False
LEC,Ferrari,48.0,95.308,30.64,41.183,23.485,HARD,14.0,236.0,262.0,281.0,295.0,7.155000000000001,Used,False
LEC,Ferrari,49.0,95.302,30.689,41.12,23.493,HARD,15.0,238.0,265.0,281.0,298.0,7.1960000000000015,Used,False
LEC,Ferrari,50.0,95.383,30.639,41.285,23.459,HARD,16.0,238.0,266.0,281.0,299.0,7.18,Used,False
LEC,Ferrari,51.0,95.418,30.721,41.116,23.581,HARD,17.0,237.0,267.0,281.0,299.0,7.140000000000001,Used,False
LEC,Ferrari,52.0,95.394,30.693,41.156,23.545,HARD,18.0,238.0,265.0,280.0,298.0,7.148,Used,False
LEC,Ferrari,53.0,95.48,30.777,41.227,23.476,HARD,19.0,239.0,265.0,281.0,299.0,7.301000000000002,Used,False
LEC,Ferrari,54.0,95.265,30.7,41.077,23.488,HARD,20.0,238.0,266.0,281.0,301.0,7.212,Used,False
LEC,Ferrari,55.0,95.785,30.857,41.308,23.62,HARD,21.0,237.0,267.0,281.0,299.0,7.236999999999998,Used,False
LEC,Ferrari,56.0,95.924,30.744,41.565,23.615,HARD,22.0,238.0,266.0,281.0,299.0,7.129000000000001,Used,False
LEC,Ferrari,57.0,96.324,30.856,41.655,23.813,HARD,23.0,238.0,262.0,265.0,299.0,7.043000000000003,Used,False
RUS,Mercedes,2.0,96.635,30.829,42.038,23.768,SOFT,5.0,230.0,253.0,283.0,298.0,7.061,Fresh,False
RUS,Mercedes,3.0,96.406,30.367,42.202,23.837,SOFT,6.0,232.0,250.0,278.0,318.0,6.530000000000001,Fresh,False
RUS,Mercedes,4.0,97.738,31.135,42.609,23.994,SOFT,7.0,223.0,247.0,269.0,296.0,7.141000000000002,Fresh,False
RUS,Mercedes,5.0,98.116,31.636,42.573,23.907,SOFT,8.0,225.0,250.0,277.0,287.0,7.728999999999999,Fresh,False
RUS,Mercedes,6.0,97.784,31.36,42.508,23.916,SOFT,9.0,225.0,252.0,277.0,289.0,7.443999999999999,Fresh,False
RUS,Mercedes,7.0,98.082,31.48,42.577,24.025,SOFT,10.0,226.0,251.0,278.0,286.0,7.455000000000002,Fresh,False
RUS,Mercedes,8.0,97.862,31.238,42.646,23.978,SOFT,11.0,230.0,246.0,278.0,288.0,7.259999999999998,Used,False
RUS,Mercedes,9.0,97.73,31.12,42.578,24.032,SOFT,12.0,231.0,246.0,278.0,292.0,7.088000000000001,Used,False
RUS,Mercedes,10.0,97.782,31.247,42.538,23.997,SOFT,13.0,226.0,255.0,277.0,288.0,7.25,Used,False
RUS,Mercedes,11.0,100.515,31.392,42.646,26.477,SOFT,14.0,229.0,251.0,,284.0,4.914999999999999,Used,False
RUS,Mercedes,12.0,118.46,52.57,42.189,23.701,HARD,1.0,229.0,254.0,281.0,215.0,28.869,Fresh,True
RUS,Mercedes,13.0,97.167,30.759,42.479,23.929,HARD,2.0,232.0,254.0,284.0,296.0,6.830000000000002,Fresh,False
RUS,Mercedes,14.0,97.571,30.851,42.74,23.98,HARD,3.0,218.0,255.0,279.0,319.0,6.870999999999999,Fresh,False
RUS,Mercedes,15.0,96.922,31.038,42.152,23.732,HARD,4.0,230.0,251.0,280.0,291.0,7.306000000000001,Fresh,False
RUS,Mercedes,16.0,96.683,31.03,42.084,23.569,HARD,5.0,227.0,257.0,278.0,295.0,7.461000000000002,Fresh,False
RUS,Mercedes,17.0,96.234,30.747,41.766,23.721,HARD,6.0,228.0,256.0,278.0,298.0,7.026,Fresh,False
RUS,Mercedes,18.0,97.819,31.462,42.532,23.825,HARD,7.0,232.0,257.0,274.0,290.0,7.6370000000000005,Fresh,False
RUS,Mercedes,19.0,97.233,31.101,42.267,23.865,HARD,8.0,228.0,247.0,280.0,293.0,7.236000000000001,Fresh,False
RUS,Mercedes,20.0,96.732,30.862,42.099,23.771,HARD,9.0,229.0,250.0,280.0,292.0,7.0909999999999975,Fresh,False
RUS,Mercedes,21.0,96.769,30.87,42.18,23.719,HARD,10.0,229.0,253.0,280.0,294.0,7.151,Fresh,False
RUS,Mercedes,22.0,96.992,30.84,42.313,23.839,HARD,11.0,229.0,248.0,280.0,295.0,7.001000000000001,Used,False
RUS,Mercedes,23.0,96.954,31.043,42.088,23.823,HARD,12.0,229.0,256.0,280.0,290.0,7.219999999999999,Used,False
RUS,Mercedes,24.0,96.736,30.867,42.107,23.762,HARD,13.0,231.0,246.0,280.0,295.0,7.105,Used,False
RUS,Mercedes,25.0,96.928,30.941,42.199,23.788,HARD,14.0,231.0,250.0,280.0,295.0,7.152999999999999,Used,False
RUS,Mercedes,26.0,96.801,30.867,42.161,23.773,HARD,15.0,232.0,258.0,280.0,295.0,7.094000000000001,Used,False
RUS,Mercedes,27.0,96.815,30.93,42.115,23.77,HARD,16.0,232.0,253.0,280.0,294.0,7.16,Used,False
RUS,Mercedes,28.0,96.911,30.98,42.149,23.782,HARD,17.0,231.0,254.0,280.0,294.0,7.198,Used,False
RUS,Mercedes,29.0,97.066,30.993,42.224,23.849,HARD,18.0,231.0,257.0,280.0,295.0,7.143999999999998,Used,False
RUS,Mercedes,30.0,97.186,31.03,42.221,23.935,HARD,19.0,232.0,252.0,280.0,294.0,7.095000000000002,Used,False
RUS,Mercedes,31.0,99.405,31.061,42.153,26.191,HARD,20.0,232.0,260.0,,295.0,4.870000000000001,Used,False
RUS,Mercedes,32.0,117.267,52.151,41.641,23.475,HARD,1.0,230.0,257.0,282.0,217.0,28.676000000000002,Fresh,True
RUS,Mercedes,33.0,95.838,30.638,41.572,23.628,HARD,2.0,232.0,246.0,293.0,301.0,7.010000000000002,Fresh,False
RUS,Mercedes,34.0,95.241,30.286,41.651,23.304,HARD,3.0,234.0,254.0,281.0,309.0,6.982000000000003,Fresh,False
RUS,Mercedes,35.0,95.772,30.587,41.817,23.368,HARD,4.0,234.0,244.0,281.0,297.0,7.219000000000001,Fresh,False
RUS,Mercedes,36.0,95.434,30.608,41.494,23.332,HARD,5.0,235.0,253.0,281.0,296.0,7.276,Fresh,False
RUS,Mercedes,37.0,95.481,30.566,41.586,23.329,HARD,6.0,234.0,251.0,281.0,298.0,7.236999999999998,Fresh,False
RUS,Mercedes,38.0,95.479,30.6,41.469,23.41,HARD,7.0,233.0,259.0,281.0,297.0,7.190000000000001,Fresh,False
RUS,Mercedes,39.0,95.204,30.547,41.329,23.328,HARD,8.0,235.0,260.0,282.0,299.0,7.219000000000001,Fresh,False
RUS,Mercedes,40.0,95.065,30.39,41.347,23.328,HARD,9.0,236.0,261.0,282.0,299.0,7.062000000000001,Fresh,False
RUS,Mercedes,41.0,95.093,30.541,41.25,23.302,HARD,10.0,235.0,263.0,282.0,296.0,7.239000000000001,Fresh,False
RUS,Mercedes,42.0,95.136,30.57,41.196,23.37,HARD,11.0,236.0,265.0,282.0,294.0,7.199999999999999,Used,False
RUS,Mercedes,43.0,95.193,30.626,41.237,23.33,HARD,12.0,235.0,265.0,282.0,294.0,7.296000000000003,Used,False
RUS,Mercedes,44.0,95.162,30.573,41.252,23.337,HARD,13.0,236.0,265.0,281.0,295.0,7.236000000000001,Used,False
RUS,Mercedes,45.0,95.276,30.599,41.328,23.349,HARD,14.0,236.0,267.0,283.0,300.0,7.25,Used,False
RUS,Mercedes,46.0,96.657,30.649,42.244,23.764,HARD,15.0,236.0,263.0,288.0,302.0,6.885000000000002,Used,False
RUS,Mercedes,47.0,95.805,30.525,41.724,23.556,HARD,16.0,233.0,264.0,283.0,323.0,6.968999999999998,Used,False
RUS,Mercedes,48.0,96.059,30.794,41.795,23.47,HARD,17.0,234.0,251.0,282.0,305.0,7.324000000000002,Used,False
RUS,Mercedes,49.0,95.954,30.723,41.727,23.504,HARD,18.0,236.0,258.0,283.0,299.0,7.218999999999998,Used,False
RUS,Mercedes,50.0,96.181,30.691,41.93,23.56,HARD,19.0,234.0,260.0,282.0,300.0,7.131,Used,False
RUS,Mercedes,51.0,95.852,30.639,41.734,23.479,HARD,20.0,236.0,261.0,282.0,305.0,7.16,Used,False
RUS,Mercedes,52.0,96.186,30.678,41.927,23.581,HARD,21.0,237.0,257.0,283.0,303.0,7.097000000000001,Used,False
RUS,Mercedes,53.0,95.979,30.752,41.74,23.487,HARD,22.0,237.0,263.0,283.0,302.0,7.265000000000001,Used,False
RUS,Mercedes,54.0,96.013,30.744,41.687,23.582,HARD,23.0,236.0,261.0,282.0,302.0,7.161999999999999,Used,False
RUS,Mercedes,55.0,96.151,30.818,41.709,23.624,HARD,24.0,237.0,263.0,282.0,303.0,7.194000000000003,Used,False
RUS,Mercedes,56.0,96.35,30.808,41.885,23.657,HARD,25.0,236.0,263.0,282.0,298.0,7.151,Used,False
RUS,Mercedes,57.0,96.44,30.765,42.018,23.657,HARD,26.0,235.0,261.0,283.0,300.0,7.1080000000000005,Old,False
NOR,McLaren,2.0,98.01,31.353,42.618,24.039,SOFT,5.0,231.0,249.0,285.0,298.0,7.314,Fresh,False
NOR,McLaren,3.0,97.787,31.112,42.476,24.199,SOFT,6.0,229.0,254.0,275.0,318.0,6.912999999999997,Fresh,False
NOR,McLaren,4.0,97.45,31.115,42.193,24.142,SOFT,7.0,232.0,253.0,276.0,294.0,6.972999999999999,Fresh,False
NOR,McLaren,5.0,97.794,31.258,42.379,24.157,SOFT,8.0,227.0,248.0,276.0,294.0,7.100999999999999,Fresh,False
NOR,McLaren,6.0,97.896,31.027,42.622,24.247,SOFT,9.0,227.0,248.0,276.0,301.0,6.780000000000001,Fresh,False
NOR,McLaren,7.0,97.86,31.074,42.514,24.272,SOFT,10.0,229.0,246.0,276.0,302.0,6.802000000000003,Fresh,False
NOR,McLaren,8.0,98.134,31.171,42.688,24.275,SOFT,11.0,227.0,247.0,277.0,303.0,6.896000000000001,Used,False
NOR,McLaren,9.0,98.064,31.051,42.721,24.292,SOFT,12.0,228.0,250.0,276.0,302.0,6.758999999999997,Used,False
NOR,McLaren,10.0,97.936,31.019,42.563,24.354,SOFT,13.0,228.0,249.0,276.0,302.0,6.664999999999999,Used,False
NOR,McLaren,11.0,98.172,31.163,42.74,24.269,SOFT,14.0,229.0,250.0,277.0,302.0,6.894000000000002,Used,False
NOR,McLaren,12.0,98.082,31.232,42.561,24.289,SOFT,15.0,229.0,251.0,277.0,300.0,6.942999999999998,Used,False
NOR,McLaren,13.0,100.635,31.225,42.508,26.902,SOFT,16.0,229.0,251.0,,300.0,4.323,Used,False
NOR,McLaren,14.0,117.77,51.681,42.243,23.846,HARD,1.0,232.0,246.0,278.0,220.0,27.834999999999997,Fresh,True
NOR,McLaren,15.0,96.912,31.011,42.058,23.843,HARD,2.0,234.0,244.0,279.0,294.0,7.167999999999999,Fresh,False
NOR,McLaren,16.0,96.565,30.716,42.031,23.818,HARD,3.0,233.0,249.0,280.0,298.0,6.898,Fresh,False
NOR,McLaren,17.0,96.776,31.049,41.973,23.754,HARD,4.0,233.0,248.0,278.0,296.0,7.294999999999998,Fresh,False
NOR,McLaren,18.0,96.508,30.803,41.777,23.928,HARD,5.0,232.0,251.0,277.0,296.0,6.875,Fresh,False
NOR,McLaren,19.0,96.416,30.87,41.774,23.772,HARD,6.0,235.0,254.0,278.0,295.0,7.0980000000000025,Fresh,False
NOR,McLaren,20.0,96.501,30.817,41.871,23.813,HARD,7.0,233.0,250.0,278.0,295.0,7.004000000000001,Fresh,False
NOR,McLaren,21.0,96.62,30.889,41.825,23.906,HARD,8.0,235.0,253.0,278.0,296.0,6.9830000000000005,Fresh,False
NOR,McLaren,22.0,96.668,30.839,41.822,24.007,HARD,9.0,236.0,257.0,278.0,296.0,6.831999999999997,Fresh,False
NOR,McLaren,23.0,96.696,30.92,41.877,23.899,HARD,10.0,235.0,256.0,278.0,296.0,7.021000000000001,Fresh,False
NOR,McLaren,24.0,96.823,30.89,42.047,23.886,HARD,11.0,236.0,254.0,278.0,296.0,7.004000000000001,Used,False
NOR,McLaren,25.0,96.73,30.923,41.924,23.883,HARD,12.0,235.0,257.0,279.0,302.0,7.039999999999999,Used,False
NOR,McLaren,26.0,96.566,30.845,41.878,23.843,HARD,13.0,235.0,259.0,279.0,301.0,7.001999999999999,Used,False
NOR,McLaren,27.0,96.726,30.873,41.939,23.914,HARD,14.0,235.0,259.0,279.0,301.0,6.959,Used,False
NOR,McLaren,28.0,97.018,30.98,41.984,24.054,HARD,15.0,235.0,260.0,279.0,300.0,6.926000000000002,Used,False
NOR,McLaren,29.0,97.041,30.879,42.16,24.002,HARD,16.0,234.0,260.0,279.0,300.0,6.8770000000000024,Used,False
NOR,McLaren,30.0,96.986,30.946,42.076,23.964,HARD,17.0,234.0,258.0,279.0,301.0,6.982000000000003,Used,False
NOR,McLaren,31.0,97.083,30.944,42.127,24.012,HARD,18.0,235.0,257.0,279.0,302.0,6.931999999999999,Used,False
NOR,McLaren,32.0,97.171,30.994,42.14,24.037,HARD,19.0,235.0,260.0,279.0,300.0,6.957000000000001,Used,False
NOR,McLaren,33.0,99.626,31.223,42.016,26.387,HARD,20.0,234.0,261.0,,301.0,4.8359999999999985,Used,False
NOR,McLaren,34.0,116.898,51.869,41.547,23.482,HARD,1.0,235.0,246.0,282.0,218.0,28.387,Fresh,True
NOR,McLaren,35.0,94.476,30.32,40.838,23.318,HARD,2.0,238.0,267.0,287.0,301.0,7.001999999999999,Fresh,False
NOR,McLaren,36.0,95.69,30.162,42.072,23.456,HARD,3.0,234.0,254.0,281.0,316.0,6.7059999999999995,Fresh,False
NOR,McLaren,37.0,95.067,30.355,41.339,23.373,HARD,4.0,237.0,250.0,280.0,304.0,6.981999999999999,Fresh,False
NOR,McLaren,38.0,95.149,30.48,41.161,23.508,HARD,5.0,237.0,263.0,280.0,302.0,6.972000000000001,Fresh,False
NOR,McLaren,39.0,94.88,30.35,41.047,23.483,HARD,6.0,236.0,256.0,280.0,301.0,6.867000000000001,Fresh,False
NOR,McLaren,40.0,95.276,30.366,41.222,23.688,HARD,7.0,237.0,258.0,277.0,303.0,6.678000000000001,Fresh,False
NOR,McLaren,41.0,95.069,30.318,41.261,23.49,HARD,8.0,236.0,261.0,281.0,303.0,6.828000000000003,Fresh,False
NOR,McLaren,42.0,95.165,30.402,41.212,23.551,HARD,9.0,237.0,259.0,281.0,302.0,6.851000000000003,Fresh,False
NOR,McLaren,43.0,95.295,30.462,41.196,23.637,HARD,10.0,236.0,260.0,280.0,303.0,6.824999999999999,Fresh,False
NOR,McLaren,44.0,95.346,30.488,41.267,23.591,HARD,11.0,236.0,257.0,280.0,304.0,6.8969999999999985,Used,False
NOR,McLaren,45.0,95.338,30.468,41.24,23.63,HARD,12.0,236.0,261.0,280.0,302.0,6.838000000000001,Used,False
NOR,McLaren,46.0,95.371,30.485,41.244,23.642,HARD,13.0,236.0,264.0,281.0,302.0,6.843,Used,False
NOR,McLaren,47.0,95.485,30.546,41.341,23.598,HARD,14.0,236.0,261.0,281.0,299.0,6.948,Used,False
NOR,McLaren,48.0,95.717,30.638,41.369,23.71,HARD,15.0,236.0,262.0,280.0,303.0,6.928000000000001,Used,False
NOR,McLaren,49.0,95.674,30.64,41.34,23.694,HARD,16.0,236.0,263.0,282.0,302.0,6.9460000000000015,Used,False
NOR,McLaren,50.0,95.657,30.563,41.375,23.719,HARD,17.0,236.0,264.0,281.0,303.0,6.843999999999998,Used,False
NOR,McLaren,51.0,96.038,30.786,41.516,23.736,HARD,18.0,236.0,265.0,282.0,303.0,7.050000000000001,Used,False
NOR,McLaren,52.0,95.922,30.655,41.461,23.806,HARD,19.0,238.0,268.0,282.0,300.0,6.849,Used,False
NOR,McLaren,53.0,95.782,30.666,41.392,23.724,HARD,20.0,237.0,268.0,282.0,303.0,6.942,Used,False
NOR,McLaren,54.0,95.934,30.672,41.387,23.875,HARD,21.0,233.0,268.0,282.0,304.0,6.797000000000001,Used,False
NOR,McLaren,55.0,96.223,31.035,41.372,23.816,HARD,22.0,232.0,269.0,282.0,302.0,7.219000000000001,Used,False
NOR,McLaren,56.0,95.976,30.691,41.471,23.814,HARD,23.0,233.0,270.0,282.0,305.0,6.876999999999999,Used,False
NOR,McLaren,57.0,96.582,30.771,41.992,23.819,HARD,24.0,234.0,270.0,283.0,304.0,6.952000000000002,Used,False
HAM,Mercedes,2.0,98.273,31.287,42.893,24.093,SOFT,5.0,229.0,245.0,286.0,301.0,7.193999999999999,Fresh,False
HAM,Mercedes,3.0,98.303,31.062,43.099,24.142,SOFT,6.0,231.0,246.0,286.0,311.0,6.920000000000002,Fresh,False
HAM,Mercedes,4.0,98.287,30.983,43.146,24.158,SOFT,7.0,228.0,243.0,284.0,297.0,6.824999999999999,Fresh,False
HAM,Mercedes,5.0,98.35,31.14,43.01,24.2,SOFT,8.0,228.0,245.0,287.0,296.0,6.940000000000001,Fresh,False
HAM,Mercedes,6.0,98.183,31.124,42.887,24.172,SOFT,9.0,230.0,247.0,286.0,301.0,6.951999999999998,Fresh,False
HAM,Mercedes,7.0,97.839,30.829,42.823,24.187,SOFT,10.0,229.0,248.0,287.0,293.0,6.6419999999999995,Fresh,False
HAM,Mercedes,8.0,98.221,31.079,42.886,24.256,SOFT,11.0,229.0,248.0,285.0,304.0,6.823,Used,False
HAM,Mercedes,9.0,98.645,31.088,43.171,24.386,SOFT,12.0,230.0,247.0,288.0,311.0,6.702000000000002,Used,False
HAM,Mercedes,10.0,98.037,30.931,42.821,24.285,SOFT,13.0,228.0,247.0,278.0,320.0,6.646000000000001,Used,False
HAM,Mercedes,11.0,98.236,31.279,42.819,24.138,SOFT,14.0,228.0,249.0,279.0,290.0,7.140999999999998,Used,False
HAM,Mercedes,12.0,100.889,31.206,42.881,26.802,SOFT,15.0,228.0,245.0,,294.0,4.404,Used,False
HAM,Mercedes,13.0,118.645,52.396,42.491,23.758,HARD,1.0,229.0,242.0,276.0,216.0,28.638,Fresh,True
HAM,Mercedes,14.0,97.178,31.073,42.404,23.701,HARD,2.0,231.0,246.0,281.0,288.0,7.372,Fresh,False
HAM,Mercedes,15.0,97.264,31.095,42.315,23.854,HARD,3.0,229.0,243.0,280.0,288.0,7.241,Fresh,False
HAM,Mercedes,16.0,97.091,31.165,42.207,23.719,HARD,4.0,229.0,243.0,280.0,286.0,7.445999999999998,Fresh,False
HAM,Mercedes,17.0,97.111,30.738,42.64,23.733,HARD,5.0,231.0,247.0,281.0,295.0,7.004999999999999,Fresh,False
HAM,Mercedes,18.0,96.85,30.825,42.221,23.804,HARD,6.0,231.0,250.0,280.0,295.0,7.021000000000001,Fresh,False
HAM,Mercedes,19.0,96.694,30.848,42.131,23.715,HARD,7.0,232.0,252.0,279.0,292.0,7.132999999999999,Fresh,False
HAM,Mercedes,20.0,96.264,30.768,41.794,23.702,HARD,8.0,232.0,254.0,280.0,295.0,7.065999999999999,Fresh,False
HAM,Mercedes,21.0,96.51,30.757,42.003,23.75,HARD,9.0,233.0,254.0,280.0,294.0,7.0070000000000014,Fresh,False
HAM,Mercedes,22.0,96.633,30.733,42.141,23.759,HARD,10.0,233.0,252.0,280.0,295.0,6.974,Fresh,False
HAM,Mercedes,23.0,96.717,30.884,42.063,23.77,HARD,11.0,233.0,254.0,281.0,294.0,7.114000000000001,Used,False
HAM,Mercedes,24.0,96.666,30.826,42.1,23.74,HARD,12.0,232.0,253.0,281.0,294.0,7.086000000000002,Used,False
HAM,Mercedes,25.0,96.919,31.037,42.09,23.792,HARD,13.0,234.0,254.0,280.0,297.0,7.244999999999997,Used,False
HAM,Mercedes,26.0,96.714,30.847,42.095,23.772,HARD,14.0,233.0,256.0,281.0,298.0,7.075000000000003,Used,False
HAM,Mercedes,27.0,97.201,30.891,42.39,23.92,HARD,15.0,234.0,255.0,281.0,296.0,6.9709999999999965,Used,False
HAM,Mercedes,28.0,96.692,30.907,41.948,23.837,HARD,16.0,233.0,257.0,282.0,298.0,7.07,Used,False
HAM,Mercedes,29.0,96.786,30.897,42.023,23.866,HARD,17.0,233.0,259.0,281.0,298.0,7.030999999999999,Used,False
HAM,Mercedes,30.0,97.244,30.945,42.37,23.929,HARD,18.0,232.0,259.0,281.0,296.0,7.016000000000002,Used,False
HAM,Mercedes,31.0,96.975,30.837,42.175,23.963,HARD,19.0,233.0,258.0,282.0,299.0,6.873999999999999,Used,False
HAM,Mercedes,32.0,97.325,31.076,42.235,24.014,HARD,20.0,234.0,260.0,282.0,298.0,7.062000000000001,Used,False
HAM,Mercedes,33.0,99.696,30.937,42.399,26.36,HARD,21.0,233.0,259.0,,300.0,4.577000000000002,Used,False
HAM,Mercedes,34.0,114.974,50.966,40.903,23.105,HARD,1.0,232.0,257.0,282.0,219.0,27.861,Fresh,True
HAM,Mercedes,35.0,95.489,30.776,41.304,23.409,HARD,2.0,239.0,246.0,283.0,302.0,7.367000000000001,Fresh,False
HAM,Mercedes,36.0,95.279,30.303,41.653,23.323,HARD,3.0,237.0,252.0,284.0,297.0,6.98,Fresh,False
HAM,Mercedes,37.0,95.597,30.384,41.575,23.638,HARD,4.0,234.0,254.0,290.0,302.0,6.745999999999999,Fresh,False
HAM,Mercedes,38.0,94.966,30.06,41.423,23.483,HARD,5.0,233.0,257.0,290.0,316.0,6.576999999999998,Fresh,False
HAM,Mercedes,39.0,94.722,30.17,41.159,23.393,HARD,6.0,233.0,258.0,282.0,313.0,6.777000000000001,Fresh,False
HAM,Mercedes,40.0,95.041,30.443,41.198,23.4,HARD,7.0,235.0,260.0,282.0,296.0,7.043000000000003,Fresh,False
HAM,Mercedes,41.0,94.94,30.463,41.116,23.361,HARD,8.0,235.0,263.0,282.0,297.0,7.102,Fresh,False
HAM,Mercedes,42.0,94.996,30.426,41.13,23.44,HARD,9.0,235.0,260.0,283.0,298.0,6.985999999999997,Fresh,False
HAM,Mercedes,43.0,94.935,30.437,41.134,23.364,HARD,10.0,235.0,259.0,282.0,297.0,7.073,Fresh,False
HAM,Mercedes,44.0,95.169,30.494,41.229,23.446,HARD,11.0,235.0,262.0,282.0,297.0,7.047999999999998,Used,False
HAM,Mercedes,45.0,95.184,30.483,41.299,23.402,HARD,12.0,236.0,261.0,282.0,298.0,7.0809999999999995,Used,False
HAM,Mercedes,46.0,95.285,30.569,41.258,23.458,HARD,13.0,235.0,264.0,282.0,300.0,7.111000000000001,Used,False
HAM,Mercedes,47.0,95.226,30.514,41.311,23.401,HARD,14.0,236.0,262.0,282.0,296.0,7.1129999999999995,Used,False
HAM,Mercedes,48.0,96.165,30.691,41.926,23.548,HARD,15.0,236.0,263.0,282.0,296.0,7.143000000000001,Used,False
HAM,Mercedes,49.0,95.914,30.616,41.819,23.479,HARD,16.0,236.0,261.0,282.0,297.0,7.1370000000000005,Used,False
HAM,Mercedes,50.0,95.612,30.655,41.454,23.503,HARD,17.0,236.0,263.0,282.0,302.0,7.152000000000001,Used,False
HAM,Mercedes,51.0,95.532,30.597,41.403,23.532,HARD,18.0,235.0,264.0,282.0,298.0,7.065000000000001,Used,False
HAM,Mercedes,52.0,95.479,30.578,41.382,23.519,HARD,19.0,237.0,267.0,283.0,299.0,7.059000000000001,Used,False
HAM,Mercedes,53.0,95.55,30.643,41.252,23.655,HARD,20.0,236.0,267.0,282.0,298.0,6.9879999999999995,Used,False
HAM,Mercedes,54.0,95.974,30.792,41.706,23.476,HARD,21.0,236.0,265.0,283.0,299.0,7.3160000000000025,Used,False
HAM,Mercedes,55.0,95.633,30.602,41.487,23.544,HARD,22.0,238.0,263.0,283.0,304.0,7.058,Used,False
HAM,Mercedes,56.0,95.706,30.597,41.564,23.545,HARD,23.0,238.0,267.0,284.0,304.0,7.052,Used,False
HAM,Mercedes,57.0,96.138,30.687,41.847,23.604,HARD,24.0,236.0,264.0,283.0,304.0,7.083000000000002,Used,False
PIA,McLaren,2.0,98.382,31.429,42.789,24.164,SOFT,5.0,233.0,253.0,285.0,302.0,7.264999999999997,Fresh,False
PIA,McLaren,3.0,98.258,31.147,42.993,24.118,SOFT,6.0,233.0,259.0,288.0,318.0,7.029,Fresh,False
PIA,McLaren,4.0,97.897,31.113,42.572,24.212,SOFT,7.0,234.0,258.0,286.0,300.0,6.901,Fresh,False
PIA,McLaren,5.0,97.859,30.894,42.78,24.185,SOFT,8.0,229.0,257.0,278.0,323.0,6.709,Fresh,False
PIA,McLaren,6.0,97.955,31.412,42.35,24.193,SOFT,9.0,233.0,254.0,278.0,290.0,7.218999999999998,Fresh,False
PIA,McLaren,7.0,97.984,31.164,42.581,24.239,SOFT,10.0,230.0,253.0,278.0,300.0,6.925000000000001,Fresh,False
PIA,McLaren,8.0,97.956,31.179,42.533,24.244,SOFT,11.0,231.0,257.0,278.0,296.0,6.934999999999999,Used,False
PIA,McLaren,9.0,98.096,31.211,42.534,24.351,SOFT,12.0,232.0,257.0,278.0,299.0,6.859999999999999,Used,False
PIA,McLaren,10.0,98.073,31.294,42.462,24.317,SOFT,13.0,231.0,258.0,278.0,302.0,6.977,Used,False
PIA,McLaren,11.0,98.397,31.276,42.727,24.394,SOFT,14.0,233.0,259.0,278.0,303.0,6.8820000000000014,Used,False
PIA,McLaren,12.0,100.739,31.364,42.679,26.696,SOFT,15.0,233.0,256.0,,302.0,4.667999999999999,Used,False
PIA,McLaren,13.0,118.689,52.735,42.241,23.713,HARD,1.0,234.0,254.0,278.0,218.0,29.022,Fresh,True
PIA,McLaren,14.0,96.796,30.92,42.057,23.819,HARD,2.0,234.0,254.0,280.0,299.0,7.101000000000003,Fresh,False
PIA,McLaren,15.0,96.823,31.008,41.928,23.887,HARD,3.0,235.0,256.0,281.0,302.0,7.120999999999999,Fresh,False
PIA,McLaren,16.0,96.427,30.706,41.849,23.872,HARD,4.0,235.0,258.0,280.0,305.0,6.834,Fresh,False
PIA,McLaren,17.0,96.872,30.863,42.13,23.879,HARD,5.0,236.0,259.0,280.0,304.0,6.983999999999998,Fresh,False
PIA,McLaren,18.0,97.095,30.958,42.15,23.987,HARD,6.0,233.0,256.0,279.0,304.0,6.971,Fresh,False
PIA,McLaren,19.0,96.577,30.84,41.863,23.874,HARD,7.0,234.0,260.0,280.0,303.0,6.966000000000001,Fresh,False
PIA,McLaren,20.0,96.644,30.982,41.794,23.868,HARD,8.0,234.0,263.0,280.0,302.0,7.114000000000001,Fresh,False
PIA,McLaren,21.0,96.733,30.904,41.943,23.886,HARD,9.0,235.0,263.0,279.0,301.0,7.018000000000001,Fresh,False
PIA,McLaren,22.0,96.555,30.87,41.812,23.873,HARD,10.0,236.0,266.0,280.0,302.0,6.997,Fresh,False
PIA,McLaren,23.0,96.68,30.953,41.883,23.844,HARD,11.0,235.0,265.0,280.0,303.0,7.108999999999998,Used,False
PIA,McLaren,24.0,96.884,31.104,41.813,23.967,HARD,12.0,235.0,265.0,279.0,301.0,7.1370000000000005,Used,False
PIA,McLaren,25.0,97.008,31.017,42.028,23.963,HARD,13.0,234.0,263.0,280.0,304.0,7.0539999999999985,Used,False
PIA,McLaren,26.0,96.882,30.94,42.004,23.938,HARD,14.0,234.0,264.0,279.0,301.0,7.0020000000000024,Used,False
PIA,McLaren,27.0,96.905,31.034,41.892,23.979,HARD,15.0,234.0,265.0,279.0,302.0,7.055,Used,False
PIA,McLaren,28.0,96.905,31.028,41.888,23.989,HARD,16.0,235.0,264.0,279.0,300.0,7.038999999999998,Used,False
PIA,McLaren,29.0,97.179,31.07,42.068,24.041,HARD,17.0,235.0,265.0,279.0,303.0,7.029,Used,False
PIA,McLaren,30.0,97.177,31.02,42.067,24.09,HARD,18.0,235.0,266.0,279.0,303.0,6.93,Used,False
PIA,McLaren,31.0,97.57,30.979,42.516,24.075,HARD,19.0,235.0,264.0,280.0,301.0,6.904,Used,False
PIA,McLaren,32.0,97.163,30.956,42.2,24.007,HARD,20.0,236.0,266.0,280.0,302.0,6.948999999999998,Used,False
PIA,McLaren,33.0,97.088,31.023,42.039,24.026,HARD,21.0,235.0,263.0,279.0,302.0,6.997,Used,False
PIA,McLaren,34.0,99.211,30.933,41.867,26.411,HARD,22.0,235.0,268.0,,302.0,4.5219999999999985,Used,False
PIA,McLaren,35.0,119.703,53.392,42.529,23.782,HARD,1.0,234.0,260.0,281.0,223.0,29.610000000000003,Fresh,True
PIA,McLaren,36.0,95.153,30.577,41.125,23.451,HARD,2.0,238.0,267.0,281.0,302.0,7.126000000000001,Fresh,False
PIA,McLaren,37.0,94.774,30.469,40.772,23.533,HARD,3.0,237.0,267.0,281.0,301.0,6.936,Fresh,False
PIA,McLaren,38.0,95.298,30.613,41.055,23.63,HARD,4.0,237.0,269.0,289.0,307.0,6.9830000000000005,Fresh,False
PIA,McLaren,39.0,94.983,30.196,41.091,23.696,HARD,5.0,238.0,270.0,289.0,325.0,6.5,Fresh,False
PIA,McLaren,40.0,95.005,30.329,41.07,23.606,HARD,6.0,237.0,270.0,281.0,321.0,6.722999999999999,Fresh,False
PIA,McLaren,41.0,95.109,30.504,41.055,23.55,HARD,7.0,237.0,270.0,281.0,301.0,6.954000000000001,Fresh,False
PIA,McLaren,42.0,95.341,30.605,41.21,23.526,HARD,8.0,238.0,270.0,281.0,302.0,7.079000000000001,Fresh,False
PIA,McLaren,43.0,95.258,30.52,41.188,23.55,HARD,9.0,237.0,270.0,281.0,301.0,6.969999999999999,Fresh,False
PIA,McLaren,44.0,95.238,30.489,41.161,23.588,HARD,10.0,237.0,270.0,282.0,299.0,6.901,Fresh,False
PIA,McLaren,45.0,95.306,30.589,41.14,23.577,HARD,11.0,237.0,271.0,282.0,300.0,7.011999999999997,Used,False
PIA,McLaren,46.0,95.296,30.594,41.178,23.524,HARD,12.0,237.0,271.0,281.0,300.0,7.07,Used,False
PIA,McLaren,47.0,95.376,30.504,41.194,23.678,HARD,13.0,236.0,271.0,281.0,300.0,6.8260000000000005,Used,False
PIA,McLaren,48.0,95.702,30.651,41.365,23.686,HARD,14.0,237.0,272.0,282.0,299.0,6.965,Used,False
PIA,McLaren,49.0,95.653,30.619,41.313,23.721,HARD,15.0,238.0,271.0,282.0,301.0,6.898,Used,False
PIA,McLaren,50.0,95.984,30.79,41.405,23.789,HARD,16.0,237.0,272.0,282.0,301.0,7.000999999999998,Used,False
PIA,McLaren,51.0,95.8,30.74,41.312,23.748,HARD,17.0,236.0,272.0,282.0,300.0,6.991999999999997,Used,False
PIA,McLaren,52.0,96.024,30.765,41.526,23.733,HARD,18.0,237.0,271.0,281.0,301.0,7.032,Used,False
PIA,McLaren,53.0,95.739,30.77,41.299,23.67,HARD,19.0,236.0,271.0,281.0,302.0,7.099999999999998,Used,False
PIA,McLaren,54.0,96.107,30.976,41.431,23.7,HARD,20.0,238.0,271.0,280.0,298.0,7.276,Used,False
PIA,McLaren,55.0,95.973,30.879,41.373,23.721,HARD,21.0,236.0,271.0,280.0,300.0,7.158000000000001,Used,False
PIA,McLaren,56.0,96.1,30.82,41.515,23.765,HARD,22.0,237.0,271.0,280.0,300.0,7.055,Used,False
PIA,McLaren,57.0,95.92,30.738,41.401,23.781,HARD,23.0,238.0,271.0,281.0,303.0,6.957000000000001,Used,False
ALO,Aston Martin,2.0,98.02,31.203,42.896,23.921,SOFT,5.0,231.0,236.0,276.0,293.0,7.282,Fresh,False
ALO,Aston Martin,3.0,99.046,32.068,42.719,24.259,SOFT,6.0,228.0,249.0,282.0,290.0,7.8089999999999975,Fresh,False
ALO,Aston Martin,4.0,97.776,30.951,42.58,24.245,SOFT,7.0,230.0,242.0,277.0,323.0,6.7059999999999995,Fresh,False
ALO,Aston Martin,5.0,99.292,32.063,42.806,24.423,SOFT,8.0,230.0,248.0,283.0,300.0,7.640000000000004,Fresh,False
ALO,Aston Martin,6.0,98.053,31.076,42.676,24.301,SOFT,9.0,227.0,248.0,283.0,312.0,6.775000000000002,Fresh,False
ALO,Aston Martin,7.0,98.008,30.905,42.7,24.403,SOFT,10.0,228.0,249.0,282.0,315.0,6.5020000000000024,Fresh,False
ALO,Aston Martin,8.0,98.103,31.024,42.689,24.39,SOFT,11.0,227.0,247.0,278.0,315.0,6.634,Used,False
ALO,Aston Martin,9.0,98.896,31.464,43.036,24.396,SOFT,12.0,227.0,241.0,277.0,303.0,7.067999999999998,Used,False
ALO,Aston Martin,10.0,99.325,31.635,43.162,24.528,SOFT,13.0,233.0,246.0,283.0,294.0,7.107000000000003,Used,False
ALO,Aston Martin,11.0,98.554,31.043,42.972,24.539,SOFT,14.0,229.0,249.0,282.0,316.0,6.503999999999998,Used,False
ALO,Aston Martin,12.0,98.543,30.932,43.035,24.576,SOFT,15.0,230.0,251.0,276.0,320.0,6.355999999999998,Used,False
ALO,Aston Martin,13.0,98.587,31.446,42.808,24.333,SOFT,16.0,229.0,249.0,276.0,297.0,7.113000000000003,Used,False
ALO,Aston Martin,14.0,98.612,31.516,42.741,24.355,SOFT,17.0,228.0,250.0,276.0,297.0,7.160999999999998,Used,False
ALO,Aston Martin,15.0,101.101,31.48,42.707,26.914,SOFT,18.0,228.0,249.0,,297.0,4.565999999999999,Used,False
ALO,Aston Martin,16.0,118.814,52.462,42.357,23.995,HARD,1.0,233.0,237.0,284.0,220.0,28.467000000000002,Fresh,True
ALO,Aston Martin,17.0,96.97,30.546,42.572,23.852,HARD,2.0,232.0,237.0,277.0,310.0,6.693999999999999,Fresh,False
ALO,Aston Martin,18.0,97.361,31.136,42.381,23.844,HARD,3.0,232.0,234.0,277.0,291.0,7.291999999999998,Fresh,False
ALO,Aston Martin,19.0,97.072,30.967,42.236,23.869,HARD,4.0,232.0,239.0,277.0,297.0,7.097999999999999,Fresh,False
ALO,Aston Martin,20.0,97.357,31.08,42.304,23.973,HARD,5.0,233.0,238.0,278.0,294.0,7.106999999999999,Fresh,False
ALO,Aston Martin,21.0,97.342,30.978,42.385,23.979,HARD,6.0,232.0,229.0,278.0,295.0,6.999000000000002,Fresh,False
ALO,Aston Martin,22.0,97.122,30.882,42.371,23.869,HARD,7.0,232.0,233.0,278.0,300.0,7.013000000000002,Fresh,False
ALO,Aston Martin,23.0,97.265,30.946,42.451,23.868,HARD,8.0,233.0,241.0,279.0,294.0,7.078000000000003,Fresh,False
ALO,Aston Martin,24.0,97.046,30.836,42.303,23.907,HARD,9.0,232.0,238.0,278.0,299.0,6.9289999999999985,Fresh,False
ALO,Aston Martin,25.0,97.179,30.925,42.232,24.022,HARD,10.0,233.0,240.0,277.0,302.0,6.903000000000002,Fresh,False
ALO,Aston Martin,26.0,97.638,31.295,42.393,23.95,HARD,11.0,233.0,233.0,277.0,296.0,7.345000000000002,Used,False
ALO,Aston Martin,27.0,96.945,31.0,42.032,23.913,HARD,12.0,234.0,233.0,277.0,292.0,7.087,Used,False
ALO,Aston Martin,28.0,97.256,31.091,42.208,23.957,HARD,13.0,234.0,233.0,277.0,298.0,7.134,Used,False
ALO,Aston Martin,29.0,97.104,30.948,42.237,23.919,HARD,14.0,233.0,232.0,277.0,297.0,7.029,Used,False
ALO,Aston Martin,30.0,96.982,30.976,42.05,23.956,HARD,15.0,234.0,247.0,277.0,298.0,7.02,Used,False
ALO,Aston Martin,31.0,96.957,30.866,42.192,23.899,HARD,16.0,234.0,238.0,278.0,299.0,6.966999999999999,Used,False
ALO,Aston Martin,32.0,97.056,31.023,42.0,24.033,HARD,17.0,232.0,254.0,277.0,299.0,6.989999999999998,Used,False
ALO,Aston Martin,33.0,97.202,31.106,42.136,23.96,HARD,18.0,233.0,247.0,278.0,299.0,7.146000000000001,Used,False
ALO,Aston Martin,34.0,97.601,31.211,42.33,24.06,HARD,19.0,234.0,254.0,279.0,300.0,7.151,Used,False
ALO,Aston Martin,35.0,97.273,31.078,42.219,23.976,HARD,20.0,232.0,253.0,278.0,300.0,7.102,Used,False
ALO,Aston Martin,36.0,98.343,31.245,42.631,24.467,HARD,21.0,234.0,256.0,285.0,294.0,6.778000000000002,Used,False
ALO,Aston Martin,37.0,96.799,30.5,42.284,24.015,HARD,22.0,234.0,254.0,279.0,323.0,6.484999999999999,Used,False
ALO,Aston Martin,38.0,97.297,30.952,42.212,24.133,HARD,23.0,234.0,254.0,278.0,301.0,6.819000000000003,Used,False
ALO,Aston Martin,39.0,97.946,31.253,42.438,24.255,HARD,24.0,234.0,255.0,279.0,295.0,6.998000000000001,Used,False
ALO,Aston Martin,40.0,98.061,31.525,42.36,24.176,HARD,25.0,235.0,254.0,279.0,296.0,7.349,Used,False
ALO,Aston Martin,41.0,100.261,31.046,42.415,26.8,HARD,26.0,234.0,255.0,,302.0,4.245999999999999,Old,False
ALO,Aston Martin,42.0,116.899,52.077,41.387,23.435,HARD,1.0,234.0,239.0,281.0,221.0,28.642,Fresh,True
ALO,Aston Martin,43.0,95.107,30.517,41.055,23.535,HARD,2.0,237.0,250.0,288.0,293.0,6.981999999999999,Fresh,False
ALO,Aston Martin,44.0,94.981,30.334,41.382,23.265,HARD,3.0,239.0,248.0,281.0,309.0,7.068999999999999,Fresh,False
ALO,Aston Martin,45.0,94.872,30.536,41.011,23.325,HARD,4.0,235.0,246.0,281.0,290.0,7.211000000000002,Fresh,False
ALO,Aston Martin,46.0,95.126,30.468,41.232,23.426,HARD,5.0,236.0,256.0,281.0,302.0,7.042000000000002,Fresh,False
ALO,Aston Martin,47.0,95.225,30.596,41.183,23.446,HARD,6.0,235.0,257.0,288.0,299.0,7.149999999999999,Fresh,False
ALO,Aston Martin,48.0,94.199,30.046,40.806,23.347,HARD,7.0,235.0,262.0,280.0,324.0,6.698999999999998,Fresh,False
ALO,Aston Martin,49.0,94.571,30.4,40.783,23.388,HARD,8.0,238.0,264.0,280.0,291.0,7.011999999999997,Fresh,False
ALO,Aston Martin,50.0,94.677,30.453,40.794,23.43,HARD,9.0,236.0,263.0,280.0,294.0,7.023,Fresh,False
ALO,Aston Martin,51.0,94.916,30.543,40.924,23.449,HARD,10.0,237.0,264.0,281.0,294.0,7.093999999999998,Fresh,False
ALO,Aston Martin,52.0,94.862,30.447,40.963,23.452,HARD,11.0,236.0,264.0,281.0,295.0,6.994999999999997,Used,False
ALO,Aston Martin,53.0,95.249,30.498,41.106,23.645,HARD,12.0,237.0,264.0,282.0,296.0,6.8530000000000015,Used,False
ALO,Aston Martin,54.0,95.745,30.701,41.444,23.6,HARD,13.0,237.0,260.0,280.0,298.0,7.100999999999999,Used,False
ALO,Aston Martin,55.0,95.066,30.478,41.126,23.462,HARD,14.0,237.0,263.0,280.0,294.0,7.016000000000002,Used,False
ALO,Aston Martin,56.0,95.014,30.405,41.122,23.487,HARD,15.0,238.0,259.0,280.0,294.0,6.918000000000003,Used,False
ALO,Aston Martin,57.0,95.276,30.59,41.134,23.552,HARD,16.0,241.0,262.0,280.0,294.0,7.038,Used,False
STR,Aston Martin,2.0,97.987,31.319,42.653,24.015,SOFT,2.0,228.0,241.0,278.0,287.0,7.3039999999999985,Fresh,False
STR,Aston Martin,3.0,98.279,31.279,42.79,24.21,SOFT,3.0,228.0,238.0,283.0,298.0,7.068999999999999,Fresh,False
STR,Aston Martin,4.0,98.364,30.944,43.227,24.193,SOFT,4.0,223.0,237.0,287.0,314.0,6.750999999999998,Fresh,False
STR,Aston Martin,5.0,98.725,30.987,43.577,24.161,SOFT,5.0,222.0,246.0,278.0,325.0,6.825999999999997,Fresh,False
STR,Aston Martin,6.0,98.925,31.554,43.188,24.183,SOFT,6.0,223.0,246.0,278.0,297.0,7.370999999999999,Fresh,False
STR,Aston Martin,7.0,98.769,31.302,43.186,24.281,SOFT,7.0,227.0,245.0,285.0,296.0,7.021000000000001,Fresh,False
STR,Aston Martin,8.0,98.857,30.963,43.37,24.524,SOFT,8.0,220.0,242.0,287.0,321.0,6.439,Fresh,False
STR,Aston Martin,9.0,102.112,31.431,43.451,27.23,SOFT,9.0,221.0,242.0,,313.0,4.2010000000000005,Fresh,False
STR,Aston Martin,10.0,117.815,51.912,42.22,23.683,HARD,1.0,228.0,248.0,277.0,218.0,28.229,Fresh,True
STR,Aston Martin,11.0,96.494,30.684,42.077,23.733,HARD,2.0,228.0,249.0,277.0,298.0,6.9510000000000005,Fresh,False
STR,Aston Martin,12.0,97.175,30.961,42.338,23.876,HARD,3.0,230.0,241.0,278.0,300.0,7.084999999999997,Fresh,False
STR,Aston Martin,13.0,97.289,30.988,42.395,23.906,HARD,4.0,229.0,248.0,278.0,296.0,7.082000000000001,Fresh,False
STR,Aston Martin,14.0,97.624,31.039,42.588,23.997,HARD,5.0,230.0,251.0,277.0,299.0,7.042000000000002,Fresh,False
STR,Aston Martin,15.0,97.533,30.928,42.631,23.974,HARD,6.0,226.0,250.0,277.0,300.0,6.954000000000001,Fresh,False
STR,Aston Martin,16.0,98.027,31.238,42.753,24.036,HARD,7.0,226.0,249.0,278.0,296.0,7.201999999999998,Fresh,False
STR,Aston Martin,17.0,98.777,31.663,42.958,24.156,HARD,8.0,227.0,245.0,283.0,291.0,7.5070000000000014,Fresh,False
STR,Aston Martin,18.0,97.417,30.775,42.503,24.139,HARD,9.0,228.0,253.0,283.0,324.0,6.635999999999999,Fresh,False
STR,Aston Martin,19.0,97.554,30.774,42.598,24.182,HARD,10.0,229.0,253.0,279.0,317.0,6.592000000000002,Fresh,False
STR,Aston Martin,20.0,97.859,31.219,42.499,24.141,HARD,11.0,229.0,260.0,278.0,299.0,7.078000000000003,Used,False
STR,Aston Martin,21.0,98.022,31.191,42.686,24.145,HARD,12.0,229.0,255.0,278.0,299.0,7.045999999999999,Used,False
STR,Aston Martin,22.0,98.175,31.109,42.935,24.131,HARD,13.0,228.0,247.0,278.0,301.0,6.9780000000000015,Used,False
STR,Aston Martin,23.0,97.826,31.057,42.668,24.101,HARD,14.0,231.0,247.0,278.0,298.0,6.9559999999999995,Used,False
STR,Aston Martin,24.0,98.138,31.071,42.831,24.236,HARD,15.0,229.0,255.0,278.0,301.0,6.835000000000001,Used,False
STR,Aston Martin,25.0,97.994,31.105,42.77,24.119,HARD,16.0,227.0,252.0,279.0,301.0,6.986000000000001,Used,False
STR,Aston Martin,26.0,98.133,31.156,42.759,24.218,HARD,17.0,229.0,252.0,277.0,301.0,6.937999999999999,Used,False
STR,Aston Martin,27.0,100.71,31.196,42.791,26.723,HARD,18.0,226.0,250.0,,296.0,4.4730000000000025,Used,False
STR,Aston Martin,28.0,116.64,51.64,41.554,23.446,HARD,1.0,228.0,252.0,280.0,220.0,28.194,Fresh,True
STR,Aston Martin,29.0,95.854,30.749,41.609,23.496,HARD,2.0,228.0,252.0,287.0,299.0,7.253,Fresh,False
STR,Aston Martin,30.0,95.632,30.429,41.682,23.521,HARD,3.0,229.0,254.0,281.0,324.0,6.907999999999998,Fresh,False
STR,Aston Martin,31.0,96.202,30.622,41.79,23.79,HARD,4.0,231.0,253.0,284.0,302.0,6.832000000000001,Fresh,False
STR,Aston Martin,32.0,95.821,30.248,41.8,23.773,HARD,5.0,229.0,255.0,288.0,326.0,6.475000000000001,Fresh,False
STR,Aston Martin,33.0,96.349,30.607,42.088,23.654,HARD,6.0,227.0,251.0,278.0,325.0,6.952999999999999,Fresh,False
STR,Aston Martin,34.0,96.332,30.969,41.709,23.654,HARD,7.0,231.0,255.0,279.0,296.0,7.315000000000001,Fresh,False
STR,Aston Martin,35.0,96.242,30.837,41.766,23.639,HARD,8.0,232.0,253.0,279.0,294.0,7.198,Fresh,False
STR,Aston Martin,36.0,96.086,30.694,41.748,23.644,HARD,9.0,230.0,255.0,278.0,299.0,7.050000000000001,Fresh,False
STR,Aston Martin,37.0,95.987,30.676,41.775,23.536,HARD,10.0,232.0,248.0,278.0,298.0,7.139999999999997,Fresh,False
STR,Aston Martin,38.0,96.364,30.776,41.926,23.662,HARD,11.0,231.0,249.0,278.0,298.0,7.114000000000001,Used,False
STR,Aston Martin,39.0,96.353,30.792,41.959,23.602,HARD,12.0,232.0,248.0,278.0,298.0,7.190000000000001,Used,False
STR,Aston Martin,40.0,96.485,30.896,41.927,23.662,HARD,13.0,230.0,242.0,278.0,298.0,7.234000000000002,Used,False
STR,Aston Martin,41.0,96.322,30.877,41.749,23.696,HARD,14.0,232.0,251.0,279.0,298.0,7.180999999999997,Used,False
STR,Aston Martin,42.0,96.343,30.774,41.917,23.652,HARD,15.0,232.0,246.0,279.0,298.0,7.122,Used,False
STR,Aston Martin,43.0,96.304,30.843,41.859,23.602,HARD,16.0,232.0,248.0,279.0,298.0,7.241,Used,False
STR,Aston Martin,44.0,96.564,30.788,42.023,23.753,HARD,17.0,232.0,250.0,279.0,298.0,7.035,Used,False
STR,Aston Martin,45.0,96.243,30.712,41.834,23.697,HARD,18.0,232.0,254.0,278.0,298.0,7.015000000000001,Used,False
STR,Aston Martin,46.0,96.379,30.808,41.882,23.689,HARD,19.0,232.0,252.0,279.0,298.0,7.119,Used,False
STR,Aston Martin,47.0,96.298,30.835,41.744,23.719,HARD,20.0,233.0,250.0,279.0,298.0,7.116,Used,False
STR,Aston Martin,48.0,97.325,31.346,42.156,23.823,HARD,21.0,233.0,250.0,279.0,290.0,7.523,Used,False
STR,Aston Martin,49.0,96.871,30.92,42.119,23.832,HARD,22.0,231.0,247.0,280.0,301.0,7.088000000000001,Used,False
STR,Aston Martin,50.0,96.541,30.808,41.978,23.755,HARD,23.0,232.0,253.0,279.0,300.0,7.053000000000001,Used,False
STR,Aston Martin,51.0,96.763,30.882,42.075,23.806,HARD,24.0,232.0,247.0,279.0,299.0,7.0760000000000005,Used,False
STR,Aston Martin,52.0,96.934,31.144,42.016,23.774,HARD,25.0,232.0,256.0,279.0,299.0,7.369999999999997,Used,False
STR,Aston Martin,53.0,96.64,30.894,42.017,23.729,HARD,26.0,231.0,255.0,279.0,300.0,7.164999999999999,Old,False
STR,Aston Martin,54.0,96.693,30.938,41.971,23.784,HARD,27.0,232.0,256.0,279.0,299.0,7.154,Old,False
STR,Aston Martin,55.0,96.68,30.92,41.999,23.761,HARD,28.0,232.0,255.0,280.0,300.0,7.1590000000000025,Old,False
STR,Aston Martin,56.0,96.582,30.87,41.951,23.761,HARD,29.0,239.0,254.0,279.0,300.0,7.109000000000002,Old,False
STR,Aston Martin,57.0,97.335,30.994,42.237,24.104,HARD,30.0,235.0,253.0,279.0,300.0,6.890000000000001,Old,False
ZHO,Kick Sauber,2.0,98.92,31.452,43.135,24.333,SOFT,2.0,230.0,249.0,289.0,302.0,7.119000000000003,Fresh,False
ZHO,Kick Sauber,3.0,98.582,31.044,43.084,24.454,SOFT,3.0,224.0,246.0,286.0,322.0,6.59,Fresh,False
ZHO,Kick Sauber,4.0,98.428,30.977,43.004,24.447,SOFT,4.0,225.0,249.0,286.0,318.0,6.530000000000001,Fresh,False
ZHO,Kick Sauber,5.0,98.798,31.116,43.178,24.504,SOFT,5.0,224.0,249.0,285.0,306.0,6.611999999999998,Fresh,False
ZHO,Kick Sauber,6.0,98.488,30.86,43.064,24.564,SOFT,6.0,233.0,246.0,285.0,320.0,6.295999999999999,Fresh,False
ZHO,Kick Sauber,7.0,99.517,31.488,43.47,24.559,SOFT,7.0,233.0,252.0,286.0,314.0,6.9289999999999985,Fresh,False
ZHO,Kick Sauber,8.0,99.646,31.786,43.138,24.722,SOFT,8.0,232.0,253.0,283.0,314.0,7.064,Fresh,False
ZHO,Kick Sauber,9.0,101.849,31.33,43.094,27.425,SOFT,9.0,234.0,253.0,,310.0,3.9049999999999976,Fresh,False
ZHO,Kick Sauber,10.0,119.328,53.287,42.225,23.816,HARD,1.0,233.0,241.0,277.0,220.0,29.471,Fresh,True
ZHO,Kick Sauber,11.0,96.365,30.815,41.738,23.812,HARD,2.0,233.0,242.0,280.0,297.0,7.003,Fresh,False
ZHO,Kick Sauber,12.0,96.995,31.006,42.207,23.782,HARD,3.0,232.0,243.0,278.0,301.0,7.224,Fresh,False
ZHO,Kick Sauber,13.0,97.436,30.982,42.435,24.019,HARD,4.0,232.0,246.0,278.0,298.0,6.963000000000001,Fresh,False
ZHO,Kick Sauber,14.0,97.482,31.086,42.431,23.965,HARD,5.0,232.0,244.0,278.0,298.0,7.120999999999999,Fresh,False
ZHO,Kick Sauber,15.0,97.5,31.03,42.429,24.041,HARD,6.0,231.0,242.0,280.0,298.0,6.989000000000001,Fresh,False
ZHO,Kick Sauber,16.0,97.659,31.166,42.398,24.095,HARD,7.0,231.0,241.0,278.0,301.0,7.0710000000000015,Fresh,False
ZHO,Kick Sauber,17.0,98.475,31.431,42.856,24.188,HARD,8.0,236.0,247.0,285.0,295.0,7.243000000000002,Fresh,False
ZHO,Kick Sauber,18.0,97.552,30.919,42.585,24.048,HARD,9.0,233.0,244.0,284.0,312.0,6.871000000000002,Fresh,False
ZHO,Kick Sauber,19.0,97.652,30.887,42.658,24.107,HARD,10.0,231.0,245.0,279.0,318.0,6.780000000000001,Fresh,False
ZHO,Kick Sauber,20.0,97.749,31.239,42.477,24.033,HARD,11.0,235.0,245.0,280.0,303.0,7.2059999999999995,Used,False
ZHO,Kick Sauber,21.0,97.947,31.22,42.705,24.022,HARD,12.0,232.0,243.0,280.0,302.0,7.198,Used,False
ZHO,Kick Sauber,22.0,97.852,31.171,42.584,24.097,HARD,13.0,232.0,244.0,279.0,300.0,7.073999999999998,Used,False
ZHO,Kick Sauber,23.0,97.788,31.092,42.647,24.049,HARD,14.0,232.0,244.0,279.0,300.0,7.042999999999999,Used,False
ZHO,Kick Sauber,24.0,97.894,31.14,42.602,24.152,HARD,15.0,234.0,243.0,278.0,301.0,6.9879999999999995,Used,False
ZHO,Kick Sauber,25.0,97.883,31.246,42.532,24.105,HARD,16.0,235.0,249.0,280.0,300.0,7.140999999999998,Used,False
ZHO,Kick Sauber,26.0,97.995,31.266,42.658,24.071,HARD,17.0,233.0,250.0,281.0,303.0,7.194999999999997,Used,False
ZHO,Kick Sauber,27.0,98.053,31.367,42.594,24.092,HARD,18.0,233.0,249.0,280.0,302.0,7.275000000000002,Used,False
ZHO,Kick Sauber,28.0,100.675,31.279,42.58,26.816,HARD,19.0,233.0,253.0,,302.0,4.463000000000001,Used,False
ZHO,Kick Sauber,29.0,117.076,52.137,41.43,23.509,HARD,1.0,234.0,256.0,281.0,223.0,28.628,Fresh,True
ZHO,Kick Sauber,30.0,95.458,30.674,41.19,23.594,HARD,2.0,235.0,258.0,281.0,302.0,7.079999999999998,Fresh,False
ZHO,Kick Sauber,31.0,96.297,30.846,41.644,23.807,HARD,3.0,232.0,252.0,286.0,299.0,7.0390000000000015,Fresh,False
ZHO,Kick Sauber,32.0,96.048,30.646,41.735,23.667,HARD,4.0,231.0,245.0,281.0,316.0,6.978999999999999,Fresh,False
ZHO,Kick Sauber,33.0,97.971,31.535,42.387,24.049,HARD,5.0,233.0,250.0,287.0,301.0,7.486000000000001,Fresh,False
ZHO,Kick Sauber,34.0,96.518,30.678,41.938,23.902,HARD,6.0,235.0,251.0,287.0,316.0,6.776,Fresh,False
ZHO,Kick Sauber,35.0,96.546,30.612,41.954,23.98,HARD,7.0,238.0,260.0,281.0,319.0,6.631999999999998,Fresh,False
ZHO,Kick Sauber,36.0,96.931,31.09,41.967,23.874,HARD,8.0,236.0,252.0,281.0,301.0,7.216000000000001,Fresh,False
ZHO,Kick Sauber,37.0,96.805,30.874,42.13,23.801,HARD,9.0,236.0,245.0,280.0,303.0,7.073,Fresh,False
ZHO,Kick Sauber,38.0,96.857,30.915,42.149,23.793,HARD,10.0,235.0,245.0,281.0,302.0,7.122,Fresh,False
ZHO,Kick Sauber,39.0,96.637,30.904,42.006,23.727,HARD,11.0,237.0,245.0,281.0,303.0,7.177,Used,False
ZHO,Kick Sauber,40.0,96.683,30.839,42.094,23.75,HARD,12.0,235.0,245.0,281.0,301.0,7.088999999999999,Used,False
ZHO,Kick Sauber,41.0,96.695,30.827,42.096,23.772,HARD,13.0,235.0,245.0,280.0,302.0,7.055000000000003,Used,False
ZHO,Kick Sauber,42.0,96.652,31.038,41.86,23.754,HARD,14.0,235.0,245.0,281.0,301.0,7.283999999999999,Used,False
ZHO,Kick Sauber,43.0,96.771,30.877,42.071,23.823,HARD,15.0,236.0,245.0,281.0,301.0,7.0539999999999985,Used,False
ZHO,Kick Sauber,44.0,97.417,31.361,42.115,23.941,HARD,16.0,236.0,246.0,282.0,301.0,7.420000000000002,Used,False
ZHO,Kick Sauber,45.0,96.68,30.867,41.919,23.894,HARD,17.0,236.0,254.0,281.0,302.0,6.9730000000000025,Used,False
ZHO,Kick Sauber,46.0,96.741,30.966,41.922,23.853,HARD,18.0,234.0,256.0,281.0,298.0,7.1129999999999995,Used,False
ZHO,Kick Sauber,47.0,96.561,30.934,41.792,23.835,HARD,19.0,236.0,258.0,281.0,299.0,7.099,Used,False
ZHO,Kick Sauber,48.0,96.654,30.98,41.82,23.854,HARD,20.0,236.0,259.0,280.0,299.0,7.126000000000001,Used,False
ZHO,Kick Sauber,49.0,96.72,30.9,41.995,23.825,HARD,21.0,237.0,257.0,281.0,299.0,7.074999999999999,Used,False
ZHO,Kick Sauber,50.0,96.792,31.035,41.87,23.887,HARD,22.0,236.0,260.0,281.0,299.0,7.148,Used,False
ZHO,Kick Sauber,51.0,97.042,31.065,42.026,23.951,HARD,23.0,236.0,255.0,281.0,298.0,7.114000000000001,Used,False
ZHO,Kick Sauber,52.0,97.394,31.205,42.19,23.999,HARD,24.0,235.0,251.0,280.0,298.0,7.2059999999999995,Used,False
ZHO,Kick Sauber,53.0,97.141,31.11,42.136,23.895,HARD,25.0,239.0,261.0,281.0,301.0,7.215,Used,False
ZHO,Kick Sauber,54.0,98.389,31.253,43.116,24.02,HARD,26.0,237.0,261.0,282.0,298.0,7.2330000000000005,Old,False
ZHO,Kick Sauber,55.0,97.383,31.123,42.185,24.075,HARD,27.0,239.0,258.0,281.0,304.0,7.048000000000002,Old,False
ZHO,Kick Sauber,56.0,97.333,31.22,42.156,23.957,HARD,28.0,237.0,258.0,283.0,302.0,7.262999999999998,Old,False
MAG,Haas F1 Team,2.0,98.911,31.591,43.075,24.245,SOFT,2.0,229.0,245.0,288.0,287.0,7.346,Fresh,False
MAG,Haas F1 Team,3.0,98.399,30.969,43.118,24.312,SOFT,3.0,230.0,245.0,289.0,320.0,6.657,Fresh,False
MAG,Haas F1 Team,4.0,98.497,30.993,42.992,24.512,SOFT,4.0,230.0,248.0,287.0,323.0,6.480999999999998,Fresh,False
MAG,Haas F1 Team,5.0,98.576,31.066,43.108,24.402,SOFT,5.0,228.0,248.0,288.0,318.0,6.663999999999998,Fresh,False
MAG,Haas F1 Team,6.0,98.529,30.952,43.041,24.536,SOFT,6.0,234.0,244.0,288.0,323.0,6.416,Fresh,False
MAG,Haas F1 Team,7.0,100.058,32.132,43.112,24.814,SOFT,7.0,230.0,250.0,275.0,331.0,7.317999999999998,Fresh,False
MAG,Haas F1 Team,8.0,99.172,31.557,43.072,24.543,SOFT,8.0,230.0,252.0,279.0,306.0,7.013999999999999,Fresh,False
MAG,Haas F1 Team,9.0,98.861,31.383,42.932,24.546,SOFT,9.0,228.0,253.0,279.0,292.0,6.837,Fresh,False
MAG,Haas F1 Team,10.0,98.747,31.307,42.925,24.515,SOFT,10.0,230.0,253.0,279.0,298.0,6.791999999999998,Fresh,False
MAG,Haas F1 Team,11.0,101.088,31.311,42.714,27.063,SOFT,11.0,229.0,260.0,,297.0,4.248000000000001,Used,False
MAG,Haas F1 Team,12.0,119.682,53.306,42.365,24.011,HARD,1.0,230.0,254.0,282.0,219.0,29.294999999999998,Fresh,True
MAG,Haas F1 Team,13.0,96.89,30.905,41.951,24.034,HARD,2.0,232.0,255.0,287.0,300.0,6.871000000000002,Fresh,False
MAG,Haas F1 Team,14.0,97.59,30.826,42.424,24.34,HARD,3.0,234.0,255.0,287.0,313.0,6.486000000000001,Fresh,False
MAG,Haas F1 Team,15.0,98.332,31.154,42.886,24.292,HARD,4.0,232.0,257.0,289.0,319.0,6.861999999999998,Fresh,False
MAG,Haas F1 Team,16.0,97.749,30.774,42.696,24.279,HARD,5.0,233.0,255.0,288.0,324.0,6.495000000000001,Fresh,False
MAG,Haas F1 Team,17.0,98.282,30.953,42.957,24.372,HARD,6.0,232.0,253.0,287.0,315.0,6.5809999999999995,Fresh,False
MAG,Haas F1 Team,18.0,97.583,30.69,42.526,24.367,HARD,7.0,232.0,252.0,287.0,320.0,6.323,Fresh,False
MAG,Haas F1 Team,19.0,97.792,30.82,42.677,24.295,HARD,8.0,232.0,254.0,282.0,321.0,6.524999999999999,Fresh,False
MAG,Haas F1 Team,20.0,98.062,31.168,42.636,24.258,HARD,9.0,233.0,253.0,281.0,303.0,6.91,Fresh,False
MAG,Haas F1 Team,21.0,98.01,31.041,42.738,24.231,HARD,10.0,233.0,253.0,281.0,302.0,6.809999999999999,Fresh,False
MAG,Haas F1 Team,22.0,98.147,31.214,42.628,24.305,HARD,11.0,231.0,255.0,282.0,302.0,6.908999999999999,Used,False
MAG,Haas F1 Team,23.0,98.293,31.284,42.627,24.382,HARD,12.0,233.0,257.0,281.0,302.0,6.9019999999999975,Used,False
MAG,Haas F1 Team,24.0,98.156,31.155,42.693,24.308,HARD,13.0,234.0,254.0,281.0,307.0,6.847000000000001,Used,False
MAG,Haas F1 Team,25.0,98.29,31.368,42.696,24.226,HARD,14.0,231.0,255.0,282.0,301.0,7.1419999999999995,Used,False
MAG,Haas F1 Team,26.0,98.093,31.173,42.528,24.392,HARD,15.0,233.0,257.0,282.0,308.0,6.780999999999999,Used,False
MAG,Haas F1 Team,27.0,98.226,31.201,42.67,24.355,HARD,16.0,231.0,256.0,281.0,308.0,6.846,Used,False
MAG,Haas F1 Team,28.0,97.936,31.209,42.495,24.232,HARD,17.0,232.0,258.0,281.0,300.0,6.977,Used,False
MAG,Haas F1 Team,29.0,97.965,31.197,42.504,24.264,HARD,18.0,233.0,259.0,281.0,301.0,6.933,Used,False
MAG,Haas F1 Team,30.0,98.04,31.138,42.655,24.247,HARD,19.0,236.0,264.0,281.0,305.0,6.891000000000002,Used,False
MAG,Haas F1 Team,31.0,98.0,31.181,42.628,24.191,HARD,20.0,233.0,259.0,281.0,299.0,6.990000000000002,Used,False
MAG,Haas F1 Team,32.0,100.565,31.273,42.416,26.876,HARD,21.0,237.0,264.0,,299.0,4.3969999999999985,Used,False
MAG,Haas F1 Team,33.0,116.655,51.473,41.575,23.607,HARD,1.0,235.0,260.0,281.0,221.0,27.866,Fresh,True
MAG,Haas F1 Team,34.0,95.57,30.532,41.409,23.629,HARD,2.0,233.0,256.0,282.0,297.0,6.902999999999999,Fresh,False
MAG,Haas F1 Team,35.0,95.698,30.538,41.44,23.72,HARD,3.0,233.0,263.0,291.0,298.0,6.818000000000001,Fresh,False
MAG,Haas F1 Team,36.0,95.851,30.227,41.898,23.726,HARD,4.0,234.0,254.0,283.0,331.0,6.501000000000001,Fresh,False
MAG,Haas F1 Team,37.0,95.741,30.546,41.491,23.704,HARD,5.0,234.0,261.0,284.0,301.0,6.841999999999999,Fresh,False
MAG,Haas F1 Team,38.0,96.042,30.724,41.576,23.742,HARD,6.0,234.0,260.0,282.0,301.0,6.981999999999999,Fresh,False
MAG,Haas F1 Team,39.0,95.876,30.654,41.474,23.748,HARD,7.0,234.0,261.0,283.0,300.0,6.905999999999999,Fresh,False
MAG,Haas F1 Team,40.0,96.071,30.623,41.738,23.71,HARD,8.0,234.0,260.0,284.0,301.0,6.913,Fresh,False
MAG,Haas F1 Team,41.0,96.34,30.645,41.845,23.85,HARD,9.0,234.0,259.0,283.0,302.0,6.794999999999998,Fresh,False
MAG,Haas F1 Team,42.0,96.31,30.72,41.743,23.847,HARD,10.0,235.0,260.0,284.0,300.0,6.8729999999999976,Fresh,False
MAG,Haas F1 Team,43.0,96.232,30.709,41.74,23.783,HARD,11.0,234.0,258.0,283.0,301.0,6.925999999999998,Used,False
MAG,Haas F1 Team,44.0,96.249,30.647,41.679,23.923,HARD,12.0,236.0,260.0,283.0,304.0,6.724,Used,False
MAG,Haas F1 Team,45.0,96.349,30.692,41.776,23.881,HARD,13.0,236.0,263.0,284.0,303.0,6.811,Used,False
MAG,Haas F1 Team,46.0,96.446,30.713,41.779,23.954,HARD,14.0,234.0,262.0,283.0,302.0,6.759,Used,False
MAG,Haas F1 Team,47.0,96.454,30.753,41.74,23.961,HARD,15.0,236.0,263.0,284.0,303.0,6.792000000000002,Used,False
MAG,Haas F1 Team,48.0,96.679,30.865,41.817,23.997,HARD,16.0,236.0,263.0,284.0,303.0,6.8679999999999986,Used,False
MAG,Haas F1 Team,49.0,96.842,30.909,41.991,23.942,HARD,17.0,236.0,264.0,284.0,307.0,6.966999999999999,Used,False
MAG,Haas F1 Team,50.0,97.035,30.969,42.041,24.025,HARD,18.0,234.0,263.0,284.0,307.0,6.944000000000003,Used,False
MAG,Haas F1 Team,51.0,96.929,30.98,42.05,23.899,HARD,19.0,235.0,261.0,285.0,306.0,7.0809999999999995,Used,False
MAG,Haas F1 Team,52.0,96.93,30.91,41.964,24.056,HARD,20.0,234.0,265.0,285.0,305.0,6.853999999999999,Used,False
MAG,Haas F1 Team,53.0,97.958,30.951,43.013,23.994,HARD,21.0,234.0,262.0,290.0,302.0,6.957000000000001,Used,False
MAG,Haas F1 Team,54.0,96.89,30.682,42.093,24.115,HARD,22.0,238.0,262.0,285.0,327.0,6.567,Used,False
MAG,Haas F1 Team,55.0,97.457,31.014,42.356,24.087,HARD,23.0,235.0,264.0,286.0,310.0,6.927,Used,False
MAG,Haas F1 Team,56.0,97.584,31.04,42.465,24.079,HARD,24.0,233.0,262.0,285.0,309.0,6.9609999999999985,Used,False
RIC,RB,2.0,99.509,31.662,43.353,24.494,SOFT,5.0,231.0,243.0,284.0,300.0,7.167999999999999,Fresh,False
RIC,RB,3.0,98.76,30.965,43.32,24.475,SOFT,6.0,231.0,242.0,284.0,313.0,6.489999999999998,Fresh,False
RIC,RB,4.0,98.61,30.922,43.207,24.481,SOFT,7.0,232.0,246.0,283.0,322.0,6.440999999999999,Fresh,False
RIC,RB,5.0,98.704,30.98,43.2,24.524,SOFT,8.0,232.0,239.0,284.0,306.0,6.4559999999999995,Fresh,False
RIC,RB,6.0,98.689,31.046,43.099,24.544,SOFT,9.0,232.0,248.0,279.0,306.0,6.501999999999999,Fresh,False
RIC,RB,7.0,99.193,31.372,43.289,24.532,SOFT,10.0,233.0,246.0,283.0,294.0,6.84,Fresh,False
RIC,RB,8.0,99.529,31.254,43.578,24.697,SOFT,11.0,232.0,250.0,284.0,312.0,6.557000000000002,Used,False
RIC,RB,9.0,99.338,31.173,43.519,24.646,SOFT,12.0,233.0,245.0,283.0,311.0,6.5269999999999975,Used,False
RIC,RB,10.0,98.782,31.211,43.104,24.467,SOFT,13.0,232.0,250.0,277.0,301.0,6.744,Used,False
RIC,RB,11.0,99.033,31.472,43.08,24.481,SOFT,14.0,233.0,251.0,276.0,292.0,6.991,Used,False
RIC,RB,12.0,98.893,31.451,42.949,24.493,SOFT,15.0,231.0,250.0,277.0,292.0,6.958000000000002,Used,False
RIC,RB,13.0,102.173,31.46,42.967,27.746,SOFT,16.0,230.0,256.0,,295.0,3.714000000000002,Used,False
RIC,RB,14.0,119.408,52.992,42.487,23.929,HARD,1.0,234.0,258.0,278.0,218.0,29.063,Fresh,True
RIC,RB,15.0,97.07,31.083,42.053,23.934,HARD,2.0,235.0,253.0,278.0,299.0,7.148999999999997,Fresh,False
RIC,RB,16.0,97.176,30.966,42.237,23.973,HARD,3.0,234.0,248.0,279.0,298.0,6.993000000000002,Fresh,False
RIC,RB,17.0,97.29,30.789,42.42,24.081,HARD,4.0,235.0,252.0,279.0,302.0,6.708000000000002,Fresh,False
RIC,RB,18.0,97.7,30.949,42.517,24.234,HARD,5.0,234.0,251.0,283.0,298.0,6.715,Fresh,False
RIC,RB,19.0,98.35,31.051,42.983,24.316,HARD,6.0,234.0,252.0,279.0,303.0,6.734999999999999,Fresh,False
RIC,RB,20.0,97.865,31.036,42.538,24.291,HARD,7.0,234.0,254.0,284.0,299.0,6.745000000000001,Fresh,False
RIC,RB,21.0,97.392,30.941,42.318,24.133,HARD,8.0,235.0,254.0,278.0,312.0,6.808,Fresh,False
RIC,RB,22.0,97.75,31.102,42.461,24.187,HARD,9.0,234.0,253.0,278.0,296.0,6.914999999999999,Fresh,False
RIC,RB,23.0,97.772,31.019,42.572,24.181,HARD,10.0,235.0,249.0,279.0,295.0,6.837999999999997,Fresh,False
RIC,RB,24.0,97.766,30.983,42.559,24.224,HARD,11.0,235.0,249.0,279.0,301.0,6.759,Used,False
RIC,RB,25.0,97.973,31.017,42.663,24.293,HARD,12.0,235.0,255.0,280.0,306.0,6.724,Used,False
RIC,RB,26.0,98.029,30.982,42.682,24.365,HARD,13.0,235.0,257.0,279.0,302.0,6.617000000000001,Used,False
RIC,RB,27.0,98.152,31.268,42.576,24.308,HARD,14.0,235.0,259.0,280.0,303.0,6.960000000000001,Used,False
RIC,RB,28.0,98.045,31.076,42.66,24.309,HARD,15.0,235.0,259.0,280.0,306.0,6.7669999999999995,Used,False
RIC,RB,29.0,97.96,31.066,42.637,24.257,HARD,16.0,235.0,257.0,280.0,306.0,6.8089999999999975,Used,False
RIC,RB,30.0,97.978,31.075,42.576,24.327,HARD,17.0,235.0,259.0,280.0,307.0,6.7479999999999976,Used,False
RIC,RB,31.0,98.154,31.167,42.688,24.299,HARD,18.0,235.0,255.0,281.0,305.0,6.868000000000002,Used,False
RIC,RB,32.0,98.025,31.075,42.662,24.288,HARD,19.0,234.0,256.0,280.0,307.0,6.786999999999999,Used,False
RIC,RB,33.0,98.15,31.113,42.69,24.347,HARD,20.0,235.0,257.0,280.0,303.0,6.765999999999998,Used,False
RIC,RB,34.0,98.246,31.246,42.766,24.234,HARD,21.0,235.0,258.0,280.0,303.0,7.011999999999997,Used,False
RIC,RB,35.0,100.595,31.087,42.747,26.761,HARD,22.0,235.0,258.0,,303.0,4.3260000000000005,Used,False
RIC,RB,36.0,116.995,51.904,41.57,23.521,SOFT,1.0,233.0,252.0,281.0,221.0,28.383000000000003,Fresh,True
RIC,RB,37.0,95.163,30.422,41.226,23.515,SOFT,2.0,232.0,251.0,280.0,302.0,6.907,Fresh,False
RIC,RB,38.0,95.46,30.496,41.41,23.554,SOFT,3.0,236.0,253.0,281.0,300.0,6.942,Fresh,False
RIC,RB,39.0,95.475,30.559,41.392,23.524,SOFT,4.0,236.0,252.0,281.0,301.0,7.035,Fresh,False
RIC,RB,40.0,95.578,30.49,41.513,23.575,SOFT,5.0,238.0,249.0,281.0,303.0,6.914999999999999,Fresh,False
RIC,RB,41.0,95.644,30.564,41.478,23.602,SOFT,6.0,239.0,256.0,281.0,301.0,6.962,Fresh,False
RIC,RB,42.0,95.338,30.484,41.238,23.616,SOFT,7.0,237.0,255.0,280.0,302.0,6.868000000000002,Fresh,False
RIC,RB,43.0,95.56,30.537,41.389,23.634,SOFT,8.0,237.0,255.0,280.0,302.0,6.902999999999999,Fresh,False
RIC,RB,44.0,95.49,30.541,41.29,23.659,SOFT,9.0,238.0,259.0,280.0,301.0,6.8820000000000014,Fresh,False
RIC,RB,45.0,95.57,30.497,41.402,23.671,SOFT,10.0,237.0,256.0,281.0,303.0,6.8260000000000005,Fresh,False
RIC,RB,46.0,95.507,30.443,41.378,23.686,SOFT,11.0,237.0,257.0,281.0,304.0,6.7570000000000014,Used,False
RIC,RB,47.0,95.831,30.566,41.534,23.731,SOFT,12.0,237.0,257.0,282.0,302.0,6.834999999999997,Used,False
RIC,RB,48.0,96.236,30.638,41.744,23.854,SOFT,13.0,237.0,260.0,283.0,304.0,6.7840000000000025,Used,False
RIC,RB,49.0,96.442,30.63,41.795,24.017,SOFT,14.0,237.0,260.0,287.0,306.0,6.6129999999999995,Used,False
RIC,RB,50.0,96.609,30.398,42.122,24.089,SOFT,15.0,238.0,259.0,288.0,321.0,6.309000000000001,Used,False
RIC,RB,51.0,97.103,30.775,42.193,24.135,SOFT,16.0,238.0,256.0,288.0,323.0,6.639999999999997,Used,False
RIC,RB,52.0,97.529,30.569,41.854,25.106,SOFT,17.0,237.0,243.0,289.0,319.0,5.462999999999997,Used,False
RIC,RB,53.0,96.745,30.797,41.954,23.994,SOFT,18.0,237.0,263.0,289.0,294.0,6.803000000000001,Used,False
RIC,RB,54.0,96.661,30.374,42.197,24.09,SOFT,19.0,238.0,258.0,288.0,320.0,6.283999999999999,Used,False
RIC,RB,55.0,97.375,30.713,42.581,24.081,SOFT,20.0,238.0,262.0,288.0,326.0,6.6320000000000014,Used,False
RIC,RB,56.0,97.662,30.726,42.755,24.181,SOFT,21.0,240.0,259.0,284.0,317.0,6.544999999999998,Used,False
TSU,RB,2.0,98.689,31.675,42.717,24.297,SOFT,2.0,232.0,243.0,285.0,289.0,7.378,Fresh,False
TSU,RB,3.0,98.431,30.989,43.073,24.369,SOFT,3.0,227.0,238.0,284.0,311.0,6.620000000000001,Fresh,False
TSU,RB,4.0,98.31,31.025,42.992,24.293,SOFT,4.0,228.0,244.0,284.0,309.0,6.731999999999999,Fresh,False
TSU,RB,5.0,98.321,31.023,42.98,24.318,SOFT,5.0,226.0,241.0,284.0,309.0,6.704999999999998,Fresh,False
TSU,RB,6.0,98.361,31.132,42.949,24.28,SOFT,6.0,228.0,242.0,284.0,306.0,6.852,Fresh,False
TSU,RB,7.0,98.364,31.121,42.887,24.356,SOFT,7.0,229.0,244.0,278.0,305.0,6.764999999999997,Fresh,False
TSU,RB,8.0,98.513,31.298,42.871,24.344,SOFT,8.0,228.0,249.0,278.0,303.0,6.953999999999997,Fresh,False
TSU,RB,9.0,98.554,31.329,42.861,24.364,SOFT,9.0,229.0,246.0,278.0,297.0,6.965,Fresh,False
TSU,RB,10.0,98.912,31.476,43.062,24.374,SOFT,10.0,229.0,245.0,279.0,298.0,7.102,Fresh,False
TSU,RB,11.0,98.799,31.342,43.015,24.442,SOFT,11.0,229.0,249.0,278.0,302.0,6.899999999999999,Used,False
TSU,RB,12.0,98.769,31.398,43.001,24.37,SOFT,12.0,227.0,246.0,278.0,299.0,7.027999999999999,Used,False
TSU,RB,13.0,98.86,31.511,42.985,24.364,SOFT,13.0,232.0,248.0,277.0,294.0,7.1469999999999985,Used,False
TSU,RB,14.0,101.138,31.394,42.967,26.777,SOFT,14.0,228.0,250.0,,297.0,4.616999999999997,Used,False
TSU,RB,15.0,119.588,52.618,42.949,24.021,HARD,1.0,235.0,259.0,284.0,219.0,28.597,Fresh,True
TSU,RB,16.0,97.516,30.895,42.677,23.944,HARD,2.0,229.0,253.0,288.0,300.0,6.9510000000000005,Fresh,False
TSU,RB,17.0,97.482,30.908,42.625,23.949,HARD,3.0,223.0,241.0,280.0,320.0,6.959,Fresh,False
TSU,RB,18.0,97.359,30.973,42.336,24.05,HARD,4.0,229.0,249.0,280.0,304.0,6.922999999999998,Fresh,False
TSU,RB,19.0,97.396,31.096,42.262,24.038,HARD,5.0,229.0,257.0,280.0,305.0,7.058,Fresh,False
TSU,RB,20.0,97.766,31.229,42.359,24.178,HARD,6.0,230.0,249.0,280.0,299.0,7.050999999999998,Fresh,False
TSU,RB,21.0,97.777,31.144,42.57,24.063,HARD,7.0,228.0,251.0,280.0,301.0,7.0809999999999995,Fresh,False
TSU,RB,22.0,97.837,31.173,42.531,24.133,HARD,8.0,231.0,256.0,280.0,298.0,7.039999999999999,Fresh,False
TSU,RB,23.0,97.671,31.096,42.405,24.17,HARD,9.0,230.0,257.0,280.0,301.0,6.925999999999998,Fresh,False
TSU,RB,24.0,97.634,31.145,42.276,24.213,HARD,10.0,229.0,257.0,284.0,302.0,6.931999999999999,Fresh,False
TSU,RB,25.0,97.851,31.05,42.613,24.188,HARD,11.0,228.0,260.0,286.0,315.0,6.862000000000002,Used,False
TSU,RB,26.0,98.058,31.252,42.54,24.266,HARD,12.0,230.0,255.0,285.0,321.0,6.986000000000001,Used,False
TSU,RB,27.0,98.083,31.195,42.468,24.42,HARD,13.0,228.0,260.0,284.0,314.0,6.774999999999999,Used,False
TSU,RB,28.0,98.164,31.266,42.608,24.29,HARD,14.0,229.0,251.0,279.0,302.0,6.975999999999999,Used,False
TSU,RB,29.0,97.777,31.161,42.542,24.074,HARD,15.0,230.0,254.0,278.0,299.0,7.087,Used,False
TSU,RB,30.0,97.477,31.158,42.314,24.005,HARD,16.0,232.0,253.0,278.0,299.0,7.153000000000002,Used,False
TSU,RB,31.0,97.468,31.151,42.349,23.968,HARD,17.0,232.0,253.0,278.0,299.0,7.183,Used,False
TSU,RB,32.0,97.847,31.448,42.329,24.07,HARD,18.0,231.0,257.0,278.0,299.0,7.378,Used,False
TSU,RB,33.0,97.498,31.221,42.222,24.055,HARD,19.0,232.0,256.0,278.0,300.0,7.166,Used,False
TSU,RB,34.0,100.835,31.415,42.711,26.709,HARD,20.0,237.0,258.0,,301.0,4.7059999999999995,Used,False
TSU,RB,35.0,117.417,52.138,41.771,23.508,HARD,1.0,234.0,263.0,281.0,221.0,28.63,Fresh,True
TSU,RB,36.0,97.706,31.984,41.954,23.768,HARD,2.0,235.0,245.0,287.0,302.0,8.216000000000001,Fresh,False
TSU,RB,37.0,95.833,30.48,41.686,23.667,HARD,3.0,236.0,257.0,282.0,315.0,6.812999999999999,Fresh,False
TSU,RB,38.0,97.046,30.732,42.39,23.924,HARD,4.0,236.0,245.0,281.0,303.0,6.808,Fresh,False
TSU,RB,39.0,96.125,30.733,41.684,23.708,HARD,5.0,234.0,258.0,280.0,304.0,7.025000000000002,Fresh,False
TSU,RB,40.0,96.263,30.886,41.751,23.626,HARD,6.0,232.0,258.0,281.0,300.0,7.259999999999998,Fresh,False
TSU,RB,41.0,96.179,30.801,41.719,23.659,HARD,7.0,232.0,258.0,280.0,301.0,7.1419999999999995,Fresh,False
TSU,RB,42.0,95.981,30.697,41.532,23.752,HARD,8.0,234.0,259.0,280.0,300.0,6.945,Fresh,False
TSU,RB,43.0,95.956,30.713,41.533,23.71,HARD,9.0,232.0,258.0,281.0,303.0,7.003,Fresh,False
TSU,RB,44.0,96.144,30.776,41.594,23.774,HARD,10.0,234.0,262.0,281.0,300.0,7.001999999999999,Fresh,False
TSU,RB,45.0,95.964,30.648,41.47,23.846,HARD,11.0,235.0,265.0,282.0,303.0,6.802,Used,False
TSU,RB,46.0,96.187,30.807,41.593,23.787,HARD,12.0,234.0,264.0,282.0,302.0,7.02,Used,False
TSU,RB,47.0,96.396,30.794,41.765,23.837,HARD,13.0,233.0,264.0,283.0,301.0,6.957000000000001,Used,False
TSU,RB,48.0,96.554,30.848,41.679,24.027,HARD,14.0,235.0,262.0,287.0,304.0,6.820999999999998,Used,False
TSU,RB,49.0,96.695,30.67,42.043,23.982,HARD,15.0,235.0,265.0,288.0,314.0,6.688000000000002,Used,False
TSU,RB,50.0,96.827,30.762,42.171,23.894,HARD,16.0,236.0,261.0,289.0,320.0,6.868000000000002,Used,False
TSU,RB,51.0,97.067,30.949,42.066,24.052,HARD,17.0,236.0,263.0,288.0,323.0,6.897000000000002,Used,False
TSU,RB,52.0,99.042,31.511,43.537,23.994,HARD,18.0,194.0,259.0,290.0,324.0,7.5169999999999995,Used,False
TSU,RB,53.0,96.838,30.739,42.138,23.961,HARD,19.0,236.0,263.0,289.0,316.0,6.778000000000002,Used,False
TSU,RB,54.0,96.672,30.741,41.883,24.048,HARD,20.0,236.0,261.0,288.0,319.0,6.693000000000001,Used,False
TSU,RB,55.0,97.269,30.81,42.254,24.205,HARD,21.0,235.0,263.0,289.0,326.0,6.605,Used,False
TSU,RB,56.0,97.473,30.742,42.53,24.201,HARD,22.0,234.0,262.0,288.0,324.0,6.541,Used,False
ALB,Williams,2.0,98.826,31.419,43.106,24.301,SOFT,2.0,229.0,245.0,286.0,295.0,7.118000000000002,Fresh,False
ALB,Williams,3.0,98.507,31.002,43.081,24.424,SOFT,3.0,229.0,244.0,286.0,312.0,6.577999999999999,Fresh,False
ALB,Williams,4.0,98.422,31.023,43.007,24.392,SOFT,4.0,226.0,244.0,284.0,319.0,6.631,Fresh,False
ALB,Williams,5.0,98.509,31.049,43.027,24.433,SOFT,5.0,228.0,245.0,284.0,310.0,6.616,Fresh,False
ALB,Williams,6.0,98.575,31.034,43.141,24.4,SOFT,6.0,227.0,238.0,280.0,316.0,6.634,Fresh,False
ALB,Williams,7.0,98.971,31.498,43.186,24.287,SOFT,7.0,228.0,243.0,278.0,302.0,7.211000000000002,Fresh,False
ALB,Williams,8.0,98.66,31.493,42.899,24.268,SOFT,8.0,232.0,245.0,278.0,293.0,7.224999999999998,Fresh,False
ALB,Williams,9.0,98.652,31.458,42.976,24.218,SOFT,9.0,232.0,244.0,279.0,298.0,7.239999999999998,Fresh,False
ALB,Williams,10.0,98.952,31.624,42.955,24.373,SOFT,10.0,226.0,248.0,278.0,295.0,7.250999999999998,Fresh,False
ALB,Williams,11.0,98.835,31.49,42.923,24.422,SOFT,11.0,230.0,244.0,278.0,297.0,7.067999999999998,Used,False
ALB,Williams,12.0,98.934,31.51,43.065,24.359,SOFT,12.0,232.0,246.0,279.0,297.0,7.151,Used,False
ALB,Williams,13.0,98.823,31.569,42.884,24.37,SOFT,13.0,228.0,243.0,278.0,293.0,7.198999999999998,Used,False
ALB,Williams,14.0,98.977,31.598,42.931,24.448,SOFT,14.0,229.0,248.0,277.0,296.0,7.149999999999999,Used,False
ALB,Williams,15.0,101.171,31.51,42.741,26.92,SOFT,15.0,233.0,256.0,,293.0,4.59,Used,False
ALB,Williams,16.0,119.341,52.731,42.591,24.019,HARD,1.0,232.0,258.0,288.0,217.0,28.712000000000003,Fresh,True
ALB,Williams,17.0,97.392,30.812,42.564,24.016,HARD,2.0,225.0,250.0,279.0,330.0,6.796000000000003,Fresh,False
ALB,Williams,18.0,97.59,31.214,42.369,24.007,HARD,3.0,230.0,250.0,280.0,294.0,7.206999999999997,Fresh,False
ALB,Williams,19.0,97.763,31.357,42.448,23.958,HARD,4.0,229.0,247.0,280.0,293.0,7.399000000000001,Fresh,False
ALB,Williams,20.0,97.701,31.328,42.379,23.994,HARD,5.0,233.0,250.0,280.0,296.0,7.334,Fresh,False
ALB,Williams,21.0,97.918,31.227,42.44,24.251,HARD,6.0,234.0,252.0,279.0,296.0,6.975999999999999,Fresh,False
ALB,Williams,22.0,98.031,31.199,42.733,24.099,HARD,7.0,232.0,253.0,280.0,300.0,7.100000000000001,Fresh,False
ALB,Williams,23.0,97.869,31.296,42.361,24.212,HARD,8.0,232.0,259.0,288.0,296.0,7.084,Fresh,False
ALB,Williams,24.0,98.204,31.035,42.857,24.312,HARD,9.0,231.0,255.0,286.0,329.0,6.722999999999999,Fresh,False
ALB,Williams,25.0,98.226,31.095,42.952,24.179,HARD,10.0,230.0,254.0,287.0,313.0,6.916,Fresh,False
ALB,Williams,26.0,98.1,31.041,42.821,24.238,HARD,11.0,231.0,255.0,288.0,328.0,6.803000000000001,Used,False
ALB,Williams,27.0,98.296,31.029,43.069,24.198,HARD,12.0,231.0,252.0,286.0,328.0,6.8309999999999995,Used,False
ALB,Williams,28.0,98.048,31.108,42.692,24.248,HARD,13.0,229.0,254.0,285.0,313.0,6.859999999999999,Used,False
ALB,Williams,29.0,97.879,31.127,42.585,24.167,HARD,14.0,232.0,254.0,286.0,309.0,6.959999999999997,Used,False
ALB,Williams,30.0,97.968,31.045,42.634,24.289,HARD,15.0,230.0,253.0,288.0,313.0,6.756,Used,False
ALB,Williams,31.0,98.135,31.093,42.811,24.231,HARD,16.0,231.0,255.0,286.0,326.0,6.861999999999998,Used,False
ALB,Williams,32.0,98.183,31.143,42.707,24.333,HARD,17.0,231.0,253.0,279.0,308.0,6.810000000000002,Used,False
ALB,Williams,33.0,98.346,31.537,42.677,24.132,HARD,18.0,232.0,253.0,279.0,289.0,7.404999999999998,Used,False
ALB,Williams,34.0,97.75,31.413,42.368,23.969,HARD,19.0,232.0,257.0,280.0,291.0,7.443999999999999,Used,False
ALB,Williams,35.0,97.767,31.295,42.496,23.976,HARD,20.0,233.0,252.0,279.0,298.0,7.319000000000003,Used,False
ALB,Williams,36.0,100.333,31.337,42.433,26.563,HARD,21.0,232.0,254.0,,297.0,4.774000000000001,Used,False
ALB,Williams,37.0,117.632,52.093,41.867,23.672,HARD,1.0,238.0,256.0,282.0,218.0,28.421000000000003,Fresh,True
ALB,Williams,38.0,96.129,30.735,41.742,23.652,HARD,2.0,237.0,253.0,282.0,304.0,7.082999999999998,Fresh,False
ALB,Williams,39.0,95.856,30.737,41.65,23.469,HARD,3.0,237.0,254.0,282.0,305.0,7.267999999999997,Fresh,False
ALB,Williams,40.0,95.723,30.707,41.503,23.513,HARD,4.0,236.0,260.0,281.0,305.0,7.193999999999999,Fresh,False
ALB,Williams,41.0,95.885,30.746,41.557,23.582,HARD,5.0,236.0,259.0,282.0,300.0,7.163999999999998,Fresh,False
ALB,Williams,42.0,95.799,30.759,41.498,23.542,HARD,6.0,234.0,262.0,281.0,301.0,7.216999999999999,Fresh,False
ALB,Williams,43.0,95.766,30.76,41.472,23.534,HARD,7.0,234.0,261.0,281.0,292.0,7.226000000000003,Fresh,False
ALB,Williams,44.0,95.783,30.683,41.497,23.603,HARD,8.0,235.0,258.0,281.0,296.0,7.079999999999998,Fresh,False
ALB,Williams,45.0,95.758,30.607,41.495,23.656,HARD,9.0,236.0,261.0,281.0,301.0,6.9510000000000005,Fresh,False
ALB,Williams,46.0,96.008,30.685,41.635,23.688,HARD,10.0,236.0,262.0,281.0,298.0,6.997,Fresh,False
ALB,Williams,47.0,96.026,30.827,41.57,23.629,HARD,11.0,233.0,266.0,282.0,300.0,7.198,Used,False
ALB,Williams,48.0,96.135,30.823,41.628,23.684,HARD,12.0,234.0,261.0,281.0,297.0,7.138999999999999,Used,False
ALB,Williams,49.0,97.102,30.816,42.435,23.851,HARD,13.0,233.0,260.0,262.0,298.0,6.965,Used,False
ALB,Williams,50.0,97.616,31.683,42.121,23.812,HARD,14.0,237.0,262.0,281.0,290.0,7.870999999999999,Used,False
ALB,Williams,51.0,97.493,30.773,42.878,23.842,HARD,15.0,235.0,262.0,280.0,307.0,6.931000000000001,Used,False
ALB,Williams,52.0,96.218,30.895,41.58,23.743,HARD,16.0,235.0,266.0,282.0,299.0,7.152000000000001,Used,False
ALB,Williams,53.0,96.308,30.817,41.683,23.808,HARD,17.0,235.0,265.0,281.0,301.0,7.009,Used,False
ALB,Williams,54.0,96.334,30.799,41.741,23.794,HARD,18.0,235.0,265.0,281.0,296.0,7.004999999999999,Used,False
ALB,Williams,55.0,96.593,30.861,41.91,23.822,HARD,19.0,237.0,262.0,284.0,306.0,7.0390000000000015,Used,False
ALB,Williams,56.0,96.922,30.875,42.085,23.962,HARD,20.0,236.0,259.0,284.0,307.0,6.913,Used,False
HUL,Haas F1 Team,3.0,97.317,30.97,42.434,23.913,HARD,2.0,233.0,234.0,277.0,293.0,7.056999999999999,Fresh,False
HUL,Haas F1 Team,4.0,97.349,30.901,42.469,23.979,HARD,3.0,231.0,240.0,278.0,292.0,6.922000000000001,Fresh,False
HUL,Haas F1 Team,5.0,97.663,30.928,42.706,24.029,HARD,4.0,232.0,241.0,277.0,295.0,6.899000000000001,Fresh,False
HUL,Haas F1 Team,6.0,97.896,31.013,42.852,24.031,HARD,5.0,231.0,236.0,277.0,295.0,6.982000000000003,Fresh,False
HUL,Haas F1 Team,7.0,97.682,30.976,42.75,23.956,HARD,6.0,231.0,239.0,278.0,295.0,7.02,Fresh,False
HUL,Haas F1 Team,8.0,97.82,31.038,42.737,24.045,HARD,7.0,232.0,246.0,278.0,296.0,6.9929999999999986,Fresh,False
HUL,Haas F1 Team,9.0,97.883,31.041,42.691,24.151,HARD,8.0,230.0,243.0,278.0,297.0,6.890000000000001,Fresh,False
HUL,Haas F1 Team,10.0,98.37,31.372,42.839,24.159,HARD,9.0,221.0,245.0,278.0,299.0,7.213000000000001,Fresh,False
HUL,Haas F1 Team,11.0,97.638,31.0,42.573,24.065,HARD,10.0,233.0,247.0,278.0,299.0,6.934999999999999,Fresh,False
HUL,Haas F1 Team,12.0,97.706,30.977,42.629,24.1,HARD,11.0,232.0,250.0,279.0,299.0,6.876999999999999,Used,False
HUL,Haas F1 Team,13.0,97.801,31.025,42.677,24.099,HARD,12.0,232.0,250.0,278.0,300.0,6.925999999999998,Used,False
HUL,Haas F1 Team,14.0,97.879,30.998,42.63,24.251,HARD,13.0,235.0,251.0,280.0,302.0,6.747,Used,False
HUL,Haas F1 Team,15.0,98.11,31.168,42.609,24.333,HARD,14.0,233.0,251.0,279.0,304.0,6.835000000000001,Used,False
HUL,Haas F1 Team,16.0,97.796,31.184,42.535,24.077,HARD,15.0,231.0,253.0,279.0,304.0,7.106999999999999,Used,False
HUL,Haas F1 Team,17.0,97.891,31.181,42.572,24.138,HARD,16.0,233.0,251.0,279.0,304.0,7.042999999999999,Used,False
HUL,Haas F1 Team,18.0,98.216,31.05,42.946,24.22,HARD,17.0,233.0,249.0,279.0,304.0,6.830000000000002,Used,False
HUL,Haas F1 Team,19.0,97.862,31.07,42.542,24.25,HARD,18.0,232.0,253.0,279.0,303.0,6.82,Used,False
HUL,Haas F1 Team,20.0,100.798,31.287,42.578,26.933,HARD,19.0,231.0,254.0,,304.0,4.353999999999999,Used,False
HUL,Haas F1 Team,21.0,118.699,51.92,42.869,23.91,HARD,1.0,229.0,236.0,279.0,215.0,28.01,Fresh,True
HUL,Haas F1 Team,22.0,96.858,30.754,42.343,23.761,HARD,2.0,232.0,242.0,279.0,295.0,6.993000000000002,Fresh,False
HUL,Haas F1 Team,23.0,96.725,30.667,42.271,23.787,HARD,3.0,235.0,241.0,279.0,298.0,6.880000000000003,Fresh,False
HUL,Haas F1 Team,24.0,96.626,30.673,42.224,23.729,HARD,4.0,233.0,247.0,280.0,297.0,6.943999999999999,Fresh,False
HUL,Haas F1 Team,25.0,96.652,30.667,42.124,23.861,HARD,5.0,234.0,248.0,280.0,298.0,6.806000000000001,Fresh,False
HUL,Haas F1 Team,26.0,96.548,30.619,42.152,23.777,HARD,6.0,235.0,247.0,280.0,301.0,6.841999999999999,Fresh,False
HUL,Haas F1 Team,27.0,96.647,30.719,41.983,23.945,HARD,7.0,235.0,252.0,280.0,301.0,6.774000000000001,Fresh,False
HUL,Haas F1 Team,28.0,97.254,31.001,42.31,23.943,HARD,8.0,233.0,249.0,281.0,299.0,7.058,Fresh,False
HUL,Haas F1 Team,29.0,96.837,30.844,42.049,23.944,HARD,9.0,233.0,254.0,280.0,302.0,6.900000000000002,Fresh,False
HUL,Haas F1 Team,30.0,96.691,30.738,41.973,23.98,HARD,10.0,236.0,252.0,281.0,304.0,6.757999999999999,Fresh,False
HUL,Haas F1 Team,31.0,96.578,30.717,41.966,23.895,HARD,11.0,235.0,256.0,282.0,304.0,6.821999999999999,Used,False
HUL,Haas F1 Team,32.0,96.935,30.961,41.987,23.987,HARD,12.0,233.0,254.0,282.0,304.0,6.974,Used,False
HUL,Haas F1 Team,33.0,96.784,30.819,41.983,23.982,HARD,13.0,236.0,256.0,281.0,304.0,6.837,Used,False
HUL,Haas F1 Team,34.0,96.692,30.777,41.947,23.968,HARD,14.0,235.0,257.0,282.0,304.0,6.809000000000001,Used,False
HUL,Haas F1 Team,35.0,96.959,30.812,42.04,24.107,HARD,15.0,235.0,258.0,281.0,303.0,6.705000000000002,Used,False
HUL,Haas F1 Team,36.0,96.795,30.86,41.931,24.004,HARD,16.0,235.0,258.0,281.0,304.0,6.855999999999998,Used,False
HUL,Haas F1 Team,37.0,96.723,30.847,41.94,23.936,HARD,17.0,236.0,258.0,282.0,304.0,6.911000000000001,Used,False
HUL,Haas F1 Team,38.0,100.083,32.593,42.653,24.837,HARD,18.0,236.0,251.0,288.0,304.0,7.756000000000004,Used,False
HUL,Haas F1 Team,39.0,97.476,30.911,42.495,24.07,HARD,19.0,234.0,256.0,283.0,325.0,6.841000000000001,Used,False
HUL,Haas F1 Team,40.0,97.088,30.911,42.126,24.051,HARD,20.0,235.0,257.0,281.0,304.0,6.860000000000003,Used,False
HUL,Haas F1 Team,41.0,99.569,30.889,42.038,26.642,HARD,21.0,236.0,259.0,,304.0,4.247,Used,False
HUL,Haas F1 Team,42.0,116.108,50.894,41.664,23.55,SOFT,2.0,233.0,248.0,282.0,221.0,27.343999999999998,Fresh,True
HUL,Haas F1 Team,43.0,95.76,30.369,41.852,23.539,SOFT,3.0,237.0,243.0,282.0,303.0,6.829999999999998,Fresh,False
HUL,Haas F1 Team,44.0,95.59,30.232,41.871,23.487,SOFT,4.0,239.0,245.0,282.0,304.0,6.745000000000001,Fresh,False
HUL,Haas F1 Team,45.0,95.119,30.234,41.321,23.564,SOFT,5.0,238.0,252.0,283.0,303.0,6.670000000000002,Fresh,False
HUL,Haas F1 Team,46.0,94.834,30.17,41.145,23.519,SOFT,6.0,238.0,251.0,283.0,303.0,6.651000000000003,Fresh,False
HUL,Haas F1 Team,47.0,95.226,30.362,41.251,23.613,SOFT,7.0,237.0,255.0,284.0,304.0,6.748999999999999,Fresh,False
HUL,Haas F1 Team,48.0,95.146,30.228,41.355,23.563,SOFT,8.0,238.0,255.0,284.0,306.0,6.665000000000003,Fresh,False
HUL,Haas F1 Team,49.0,95.494,30.323,41.489,23.682,SOFT,9.0,239.0,258.0,292.0,307.0,6.641000000000002,Fresh,False
HUL,Haas F1 Team,50.0,95.167,30.13,41.402,23.635,SOFT,10.0,237.0,260.0,284.0,332.0,6.494999999999997,Fresh,False
HUL,Haas F1 Team,51.0,95.529,30.411,41.374,23.744,SOFT,11.0,237.0,260.0,284.0,305.0,6.667000000000002,Used,False
HUL,Haas F1 Team,52.0,95.921,30.525,41.612,23.784,SOFT,12.0,235.0,259.0,283.0,303.0,6.741,Used,False
HUL,Haas F1 Team,53.0,95.994,30.629,41.595,23.77,SOFT,13.0,236.0,259.0,284.0,306.0,6.859000000000002,Used,False
HUL,Haas F1 Team,54.0,95.786,30.557,41.436,23.793,SOFT,14.0,235.0,263.0,284.0,305.0,6.763999999999999,Used,False
HUL,Haas F1 Team,55.0,95.736,30.629,41.384,23.723,SOFT,15.0,236.0,263.0,282.0,305.0,6.906000000000002,Used,False
HUL,Haas F1 Team,56.0,95.602,30.546,41.304,23.752,SOFT,16.0,239.0,269.0,283.0,306.0,6.7940000000000005,Used,False
OCO,Alpine,2.0,99.094,32.005,42.719,24.37,SOFT,2.0,229.0,245.0,284.0,283.0,7.635000000000002,Fresh,False
OCO,Alpine,3.0,98.771,31.255,43.007,24.509,SOFT,3.0,229.0,246.0,284.0,295.0,6.745999999999999,Fresh,False
OCO,Alpine,4.0,98.625,31.246,42.915,24.464,SOFT,4.0,229.0,246.0,283.0,306.0,6.782,Fresh,False
OCO,Alpine,5.0,98.64,31.171,42.891,24.578,SOFT,5.0,229.0,247.0,285.0,305.0,6.593,Fresh,False
OCO,Alpine,6.0,98.874,31.245,42.978,24.651,SOFT,6.0,229.0,247.0,282.0,301.0,6.594000000000001,Fresh,False
OCO,Alpine,7.0,99.152,31.404,43.089,24.659,SOFT,7.0,229.0,245.0,284.0,304.0,6.745000000000001,Fresh,False
OCO,Alpine,8.0,99.422,31.252,43.382,24.788,SOFT,8.0,230.0,246.0,284.0,313.0,6.463999999999999,Fresh,False
OCO,Alpine,9.0,99.312,31.189,43.409,24.714,SOFT,9.0,230.0,249.0,284.0,303.0,6.475000000000001,Fresh,False
OCO,Alpine,10.0,101.642,31.308,42.956,27.378,SOFT,10.0,229.0,253.0,,312.0,3.9299999999999997,Fresh,False
OCO,Alpine,11.0,119.014,52.676,42.347,23.991,HARD,1.0,229.0,253.0,275.0,215.0,28.685000000000002,Fresh,True
OCO,Alpine,12.0,97.599,31.175,42.399,24.025,HARD,2.0,234.0,253.0,276.0,291.0,7.150000000000002,Fresh,False
OCO,Alpine,13.0,97.363,31.319,42.14,23.904,HARD,3.0,230.0,255.0,276.0,291.0,7.414999999999999,Fresh,False
OCO,Alpine,14.0,97.537,31.174,42.329,24.034,HARD,4.0,230.0,255.0,276.0,292.0,7.140000000000001,Fresh,False
OCO,Alpine,15.0,97.843,31.282,42.383,24.178,HARD,5.0,229.0,254.0,277.0,290.0,7.103999999999999,Fresh,False
OCO,Alpine,16.0,97.902,31.35,42.448,24.104,HARD,6.0,228.0,254.0,277.0,293.0,7.246000000000002,Fresh,False
OCO,Alpine,17.0,98.911,31.653,43.083,24.175,HARD,7.0,232.0,253.0,282.0,301.0,7.477999999999998,Fresh,False
OCO,Alpine,18.0,98.12,31.12,42.845,24.155,HARD,8.0,230.0,253.0,276.0,310.0,6.965,Fresh,False
OCO,Alpine,19.0,98.332,31.57,42.478,24.284,HARD,9.0,229.0,255.0,276.0,295.0,7.286000000000001,Fresh,False
OCO,Alpine,20.0,98.185,31.445,42.472,24.268,HARD,10.0,230.0,255.0,275.0,289.0,7.177,Fresh,False
OCO,Alpine,21.0,99.363,31.9,43.094,24.369,HARD,11.0,234.0,255.0,277.0,290.0,7.530999999999999,Used,False
OCO,Alpine,22.0,98.655,31.553,42.777,24.325,HARD,12.0,230.0,253.0,276.0,293.0,7.2280000000000015,Used,False
OCO,Alpine,23.0,98.407,31.49,42.677,24.24,HARD,13.0,231.0,251.0,275.0,289.0,7.25,Used,False
OCO,Alpine,24.0,98.42,31.474,42.691,24.255,HARD,14.0,230.0,254.0,275.0,288.0,7.219000000000001,Used,False
OCO,Alpine,25.0,98.494,31.546,42.7,24.248,HARD,15.0,231.0,254.0,276.0,291.0,7.297999999999998,Used,False
OCO,Alpine,26.0,98.665,31.521,42.891,24.253,HARD,16.0,231.0,255.0,275.0,289.0,7.268000000000001,Used,False
OCO,Alpine,27.0,98.549,31.543,42.749,24.257,HARD,17.0,230.0,251.0,275.0,289.0,7.285999999999998,Used,False
OCO,Alpine,28.0,98.372,31.492,42.678,24.202,HARD,18.0,232.0,254.0,276.0,290.0,7.289999999999999,Used,False
OCO,Alpine,29.0,98.556,31.562,42.663,24.331,HARD,19.0,232.0,254.0,276.0,288.0,7.231000000000002,Used,False
OCO,Alpine,30.0,101.21,31.546,42.7,26.964,HARD,20.0,232.0,254.0,,291.0,4.582000000000001,Used,False
OCO,Alpine,31.0,119.322,52.935,42.397,23.99,HARD,1.0,230.0,251.0,277.0,215.0,28.945000000000004,Fresh,True
OCO,Alpine,32.0,96.887,31.059,41.959,23.869,HARD,2.0,234.0,251.0,277.0,292.0,7.190000000000001,Fresh,False
OCO,Alpine,33.0,96.704,30.989,41.875,23.84,HARD,3.0,233.0,251.0,277.0,289.0,7.149000000000001,Fresh,False
OCO,Alpine,34.0,96.226,30.898,41.549,23.779,HARD,4.0,233.0,255.0,277.0,290.0,7.119,Fresh,False
OCO,Alpine,35.0,96.354,31.008,41.594,23.752,HARD,5.0,232.0,256.0,277.0,288.0,7.256,Fresh,False
OCO,Alpine,36.0,97.229,31.212,42.148,23.869,HARD,6.0,233.0,256.0,278.0,290.0,7.343,Fresh,False
OCO,Alpine,37.0,96.58,31.059,41.755,23.766,HARD,7.0,231.0,256.0,279.0,294.0,7.293000000000003,Fresh,False
OCO,Alpine,38.0,96.814,31.07,41.869,23.875,HARD,8.0,232.0,256.0,277.0,293.0,7.195,Fresh,False
OCO,Alpine,39.0,96.552,31.088,41.717,23.747,HARD,9.0,232.0,256.0,277.0,290.0,7.341000000000001,Fresh,False
OCO,Alpine,40.0,96.608,31.053,41.754,23.801,HARD,10.0,233.0,254.0,277.0,291.0,7.2520000000000024,Fresh,False
OCO,Alpine,41.0,96.621,31.034,41.826,23.761,HARD,11.0,233.0,255.0,278.0,290.0,7.273,Used,False
OCO,Alpine,42.0,96.592,31.025,41.766,23.801,HARD,12.0,232.0,255.0,277.0,290.0,7.224,Used,False
OCO,Alpine,43.0,96.679,31.035,41.852,23.792,HARD,13.0,233.0,255.0,277.0,289.0,7.2429999999999986,Used,False
OCO,Alpine,44.0,96.649,31.094,41.772,23.783,HARD,14.0,232.0,255.0,277.0,290.0,7.311,Used,False
OCO,Alpine,45.0,98.049,31.188,43.027,23.834,HARD,15.0,232.0,257.0,279.0,290.0,7.353999999999999,Used,False
OCO,Alpine,46.0,96.975,31.151,42.048,23.776,HARD,16.0,231.0,257.0,277.0,294.0,7.375,Used,False
OCO,Alpine,47.0,96.656,31.026,41.861,23.769,HARD,17.0,234.0,256.0,277.0,293.0,7.2570000000000014,Used,False
OCO,Alpine,48.0,97.117,31.177,42.045,23.895,HARD,18.0,234.0,256.0,277.0,292.0,7.282,Used,False
OCO,Alpine,49.0,97.726,31.483,42.304,23.939,HARD,19.0,235.0,257.0,279.0,292.0,7.5440000000000005,Used,False
OCO,Alpine,50.0,97.784,31.552,42.293,23.939,HARD,20.0,232.0,258.0,279.0,295.0,7.6129999999999995,Used,False
OCO,Alpine,51.0,97.091,31.083,42.138,23.87,HARD,21.0,233.0,257.0,278.0,295.0,7.212999999999997,Used,False
OCO,Alpine,52.0,98.631,31.094,42.116,25.421,HARD,22.0,233.0,257.0,285.0,292.0,5.673000000000002,Used,False
OCO,Alpine,53.0,97.145,31.023,42.181,23.941,HARD,23.0,235.0,258.0,279.0,313.0,7.082000000000001,Used,False
OCO,Alpine,54.0,98.707,32.402,42.373,23.932,HARD,24.0,234.0,258.0,279.0,294.0,8.470000000000002,Used,False
OCO,Alpine,55.0,97.393,31.146,42.266,23.981,HARD,25.0,235.0,257.0,278.0,294.0,7.164999999999999,Used,False
OCO,Alpine,56.0,97.415,31.133,42.224,24.058,HARD,26.0,237.0,257.0,278.0,294.0,7.074999999999999,Old,False
GAS,Alpine,2.0,99.059,31.86,42.743,24.456,SOFT,2.0,229.0,245.0,284.0,266.0,7.404,Fresh,False
GAS,Alpine,3.0,98.744,31.254,42.848,24.642,SOFT,3.0,229.0,245.0,283.0,302.0,6.612000000000002,Fresh,False
GAS,Alpine,4.0,98.503,31.305,42.705,24.493,SOFT,4.0,228.0,249.0,284.0,302.0,6.812000000000001,Fresh,False
GAS,Alpine,5.0,98.664,31.344,42.718,24.602,SOFT,5.0,227.0,247.0,285.0,301.0,6.742000000000001,Fresh,False
GAS,Alpine,6.0,99.099,31.457,42.995,24.647,SOFT,6.0,226.0,246.0,283.0,297.0,6.810000000000002,Fresh,False
GAS,Alpine,7.0,99.078,31.353,43.11,24.615,SOFT,7.0,227.0,240.0,283.0,297.0,6.738000000000003,Fresh,False
GAS,Alpine,8.0,99.287,31.21,43.311,24.766,SOFT,8.0,230.0,248.0,284.0,304.0,6.444000000000003,Fresh,False
GAS,Alpine,9.0,99.452,31.4,43.321,24.731,SOFT,9.0,228.0,245.0,283.0,310.0,6.668999999999997,Fresh,False
GAS,Alpine,10.0,98.929,31.383,43.016,24.53,SOFT,10.0,229.0,252.0,279.0,300.0,6.852999999999998,Fresh,False
GAS,Alpine,11.0,98.656,31.329,42.886,24.441,SOFT,11.0,229.0,245.0,278.0,296.0,6.888000000000002,Used,False
GAS,Alpine,12.0,101.456,31.328,42.787,27.341,SOFT,12.0,230.0,252.0,,301.0,3.9869999999999983,Used,False
GAS,Alpine,14.0,97.689,31.44,42.233,24.016,HARD,2.0,235.0,255.0,281.0,296.0,7.424000000000003,Fresh,False
GAS,Alpine,15.0,97.492,30.978,42.383,24.131,HARD,3.0,227.0,254.0,282.0,311.0,6.847000000000001,Fresh,False
GAS,Alpine,16.0,97.521,30.874,42.396,24.251,HARD,4.0,228.0,255.0,282.0,309.0,6.6229999999999976,Fresh,False
GAS,Alpine,17.0,97.949,31.153,42.548,24.248,HARD,5.0,228.0,250.0,282.0,310.0,6.904999999999998,Fresh,False
GAS,Alpine,18.0,97.791,30.98,42.45,24.361,HARD,6.0,229.0,251.0,283.0,312.0,6.619,Fresh,False
GAS,Alpine,19.0,97.702,30.968,42.47,24.264,HARD,7.0,230.0,255.0,284.0,311.0,6.704000000000001,Fresh,False
GAS,Alpine,20.0,98.036,31.193,42.487,24.356,HARD,8.0,231.0,254.0,282.0,303.0,6.837,Fresh,False
GAS,Alpine,21.0,98.094,31.173,42.541,24.38,HARD,9.0,229.0,255.0,281.0,300.0,6.792999999999999,Fresh,False
GAS,Alpine,22.0,97.868,31.145,42.536,24.187,HARD,10.0,230.0,254.0,282.0,308.0,6.957999999999998,Fresh,False
GAS,Alpine,23.0,98.104,31.195,42.586,24.323,HARD,11.0,230.0,254.0,282.0,305.0,6.872,Used,False
GAS,Alpine,24.0,98.192,31.232,42.57,24.39,HARD,12.0,232.0,253.0,281.0,303.0,6.841999999999999,Used,False
GAS,Alpine,25.0,98.16,31.096,42.716,24.348,HARD,13.0,231.0,255.0,281.0,308.0,6.748000000000001,Used,False
GAS,Alpine,26.0,98.379,31.256,42.673,24.45,HARD,14.0,230.0,254.0,283.0,309.0,6.806000000000001,Used,False
GAS,Alpine,27.0,98.4,31.171,42.747,24.482,HARD,15.0,230.0,253.0,282.0,308.0,6.689,Used,False
GAS,Alpine,28.0,98.615,31.351,42.788,24.476,HARD,16.0,232.0,253.0,282.0,299.0,6.875,Used,False
GAS,Alpine,29.0,98.55,31.301,42.807,24.442,HARD,17.0,233.0,255.0,282.0,306.0,6.858999999999998,Used,False
GAS,Alpine,30.0,98.832,31.368,42.942,24.522,HARD,18.0,231.0,256.0,280.0,302.0,6.846,Used,False
GAS,Alpine,31.0,100.432,31.182,42.455,26.795,HARD,19.0,231.0,254.0,,308.0,4.386999999999997,Used,False
GAS,Alpine,32.0,119.77,53.98,41.978,23.812,HARD,1.0,232.0,251.0,276.0,219.0,30.167999999999996,Fresh,True
GAS,Alpine,33.0,96.112,30.887,41.506,23.719,HARD,2.0,236.0,253.0,276.0,290.0,7.167999999999999,Fresh,False
GAS,Alpine,34.0,96.622,31.142,41.747,23.733,HARD,3.0,229.0,255.0,277.0,287.0,7.408999999999999,Fresh,False
GAS,Alpine,35.0,96.313,31.058,41.573,23.682,HARD,4.0,230.0,256.0,276.0,290.0,7.376000000000001,Fresh,False
GAS,Alpine,36.0,96.45,31.034,41.612,23.804,HARD,5.0,232.0,255.0,277.0,290.0,7.23,Fresh,False
GAS,Alpine,37.0,96.629,31.148,41.595,23.886,HARD,6.0,232.0,255.0,277.0,291.0,7.2620000000000005,Fresh,False
GAS,Alpine,38.0,96.802,31.122,41.764,23.916,HARD,7.0,231.0,256.0,277.0,289.0,7.2059999999999995,Fresh,False
GAS,Alpine,39.0,96.537,31.022,41.7,23.815,HARD,8.0,230.0,257.0,277.0,291.0,7.206999999999997,Fresh,False
GAS,Alpine,40.0,96.742,31.023,41.793,23.926,HARD,9.0,232.0,256.0,277.0,290.0,7.097000000000001,Fresh,False
GAS,Alpine,41.0,96.571,30.968,41.751,23.852,HARD,10.0,234.0,256.0,278.0,293.0,7.116,Fresh,False
GAS,Alpine,42.0,96.631,30.98,41.74,23.911,HARD,11.0,233.0,256.0,277.0,292.0,7.068999999999999,Used,False
GAS,Alpine,43.0,99.291,31.165,41.852,26.274,HARD,12.0,232.0,256.0,,292.0,4.890999999999998,Used,False
GAS,Alpine,44.0,116.481,51.887,41.099,23.495,SOFT,1.0,233.0,254.0,278.0,221.0,28.392,Fresh,True
GAS,Alpine,45.0,94.805,30.509,40.913,23.383,SOFT,2.0,237.0,254.0,278.0,295.0,7.126000000000001,Fresh,False
GAS,Alpine,46.0,95.293,30.758,41.137,23.398,SOFT,3.0,234.0,255.0,278.0,289.0,7.359999999999999,Fresh,False
GAS,Alpine,47.0,95.341,30.735,41.065,23.541,SOFT,4.0,230.0,255.0,279.0,290.0,7.193999999999999,Fresh,False
GAS,Alpine,48.0,95.411,30.776,41.156,23.479,SOFT,5.0,232.0,255.0,278.0,290.0,7.297000000000001,Fresh,False
GAS,Alpine,49.0,95.511,30.71,41.288,23.513,SOFT,6.0,229.0,257.0,278.0,291.0,7.196999999999999,Fresh,False
GAS,Alpine,50.0,95.228,30.647,41.016,23.565,SOFT,7.0,231.0,257.0,277.0,293.0,7.081999999999997,Fresh,False
GAS,Alpine,51.0,95.334,30.673,41.111,23.55,SOFT,8.0,233.0,256.0,277.0,292.0,7.1229999999999976,Fresh,False
GAS,Alpine,52.0,95.511,30.714,41.158,23.639,SOFT,9.0,233.0,256.0,278.0,291.0,7.074999999999999,Fresh,False
GAS,Alpine,53.0,95.389,30.6,41.223,23.566,SOFT,10.0,234.0,257.0,278.0,294.0,7.0340000000000025,Fresh,False
GAS,Alpine,54.0,95.853,30.833,41.349,23.671,SOFT,11.0,234.0,256.0,278.0,291.0,7.161999999999999,Used,False
GAS,Alpine,55.0,95.908,30.912,41.329,23.667,SOFT,12.0,234.0,257.0,278.0,293.0,7.244999999999997,Used,False
GAS,Alpine,56.0,96.086,30.888,41.288,23.91,SOFT,13.0,234.0,263.0,282.0,295.0,6.9780000000000015,Used,False
BOT,Kick Sauber,2.0,98.259,31.351,42.663,24.245,SOFT,2.0,232.0,247.0,287.0,299.0,7.105999999999998,Fresh,False
BOT,Kick Sauber,3.0,98.837,31.119,43.321,24.397,SOFT,3.0,233.0,248.0,285.0,305.0,6.722000000000001,Fresh,False
BOT,Kick Sauber,4.0,98.643,31.127,43.121,24.395,SOFT,4.0,229.0,247.0,284.0,300.0,6.731999999999999,Fresh,False
BOT,Kick Sauber,5.0,100.087,31.083,44.295,24.709,SOFT,5.0,231.0,244.0,284.0,323.0,6.373999999999999,Fresh,False
BOT,Kick Sauber,6.0,99.206,31.184,43.504,24.518,SOFT,6.0,233.0,251.0,282.0,314.0,6.666,Fresh,False
BOT,Kick Sauber,7.0,98.654,31.034,43.072,24.548,SOFT,7.0,231.0,247.0,284.0,318.0,6.486000000000001,Fresh,False
BOT,Kick Sauber,8.0,98.968,30.959,43.356,24.653,SOFT,8.0,230.0,247.0,284.0,320.0,6.306000000000001,Fresh,False
BOT,Kick Sauber,9.0,99.425,31.373,43.349,24.703,SOFT,9.0,229.0,247.0,283.0,319.0,6.670000000000002,Fresh,False
BOT,Kick Sauber,10.0,99.112,31.409,43.189,24.514,SOFT,10.0,224.0,248.0,277.0,318.0,6.895,Fresh,False
BOT,Kick Sauber,11.0,99.187,31.524,43.182,24.481,SOFT,11.0,232.0,252.0,278.0,301.0,7.042999999999999,Used,False
BOT,Kick Sauber,12.0,103.145,31.822,43.874,27.449,SOFT,12.0,234.0,250.0,,303.0,4.3729999999999976,Used,True
BOT,Kick Sauber,14.0,96.454,30.501,42.067,23.886,HARD,2.0,231.0,257.0,279.0,321.0,6.615000000000002,Fresh,False
BOT,Kick Sauber,15.0,97.287,31.063,42.254,23.97,HARD,3.0,231.0,253.0,280.0,303.0,7.093,Fresh,False
BOT,Kick Sauber,16.0,97.718,31.204,42.422,24.092,HARD,4.0,231.0,253.0,280.0,295.0,7.112000000000002,Fresh,False
BOT,Kick Sauber,17.0,97.765,31.183,42.454,24.128,HARD,5.0,232.0,253.0,280.0,297.0,7.055,Fresh,False
BOT,Kick Sauber,18.0,97.918,31.142,42.597,24.179,HARD,6.0,232.0,247.0,285.0,299.0,6.963000000000001,Fresh,False
BOT,Kick Sauber,19.0,97.662,30.897,42.483,24.282,HARD,7.0,232.0,252.0,285.0,315.0,6.614999999999998,Fresh,False
BOT,Kick Sauber,20.0,98.285,31.078,42.852,24.355,HARD,8.0,233.0,251.0,282.0,315.0,6.722999999999999,Fresh,False
BOT,Kick Sauber,21.0,97.73,31.02,42.534,24.176,HARD,9.0,230.0,253.0,278.0,315.0,6.844000000000001,Fresh,False
BOT,Kick Sauber,22.0,97.998,31.34,42.454,24.204,HARD,10.0,233.0,250.0,279.0,298.0,7.135999999999999,Fresh,False
BOT,Kick Sauber,23.0,98.18,31.375,42.575,24.23,HARD,11.0,234.0,251.0,279.0,299.0,7.145,Used,False
BOT,Kick Sauber,24.0,98.146,31.186,42.705,24.255,HARD,12.0,234.0,250.0,279.0,299.0,6.931000000000001,Used,False
BOT,Kick Sauber,25.0,98.262,31.299,42.697,24.266,HARD,13.0,235.0,248.0,279.0,301.0,7.033000000000001,Used,False
BOT,Kick Sauber,26.0,98.308,31.266,42.752,24.29,HARD,14.0,234.0,254.0,280.0,303.0,6.975999999999999,Used,False
BOT,Kick Sauber,27.0,98.426,31.325,42.741,24.36,HARD,15.0,235.0,252.0,280.0,302.0,6.965,Used,False
BOT,Kick Sauber,28.0,98.595,31.285,42.889,24.421,HARD,16.0,234.0,250.0,280.0,302.0,6.864000000000001,Used,False
BOT,Kick Sauber,29.0,98.654,31.344,42.981,24.329,HARD,17.0,233.0,253.0,280.0,299.0,7.015000000000001,Used,False
BOT,Kick Sauber,30.0,101.252,31.469,42.763,27.02,HARD,18.0,233.0,254.0,,300.0,4.449000000000002,Used,True
BOT,Kick Sauber,32.0,96.763,30.988,42.106,23.669,HARD,2.0,233.0,252.0,281.0,295.0,7.318999999999999,Fresh,False
BOT,Kick Sauber,33.0,96.202,30.95,41.558,23.694,HARD,3.0,236.0,254.0,281.0,298.0,7.256,Fresh,False
BOT,Kick Sauber,34.0,98.009,32.25,42.108,23.651,HARD,4.0,236.0,258.0,281.0,299.0,8.599,Fresh,False
BOT,Kick Sauber,35.0,96.578,30.892,41.986,23.7,HARD,5.0,235.0,253.0,282.0,300.0,7.192,Fresh,False
BOT,Kick Sauber,36.0,96.792,30.8,41.963,24.029,HARD,6.0,237.0,252.0,281.0,303.0,6.771000000000001,Fresh,False
BOT,Kick Sauber,37.0,98.008,31.511,42.24,24.257,HARD,7.0,236.0,251.0,281.0,264.0,7.253999999999998,Fresh,False
BOT,Kick Sauber,38.0,97.774,31.497,42.346,23.931,HARD,8.0,238.0,255.0,281.0,259.0,7.565999999999999,Fresh,False
BOT,Kick Sauber,39.0,97.189,31.047,42.287,23.855,HARD,9.0,235.0,253.0,282.0,302.0,7.192,Fresh,False
BOT,Kick Sauber,40.0,97.393,30.903,42.672,23.818,HARD,10.0,235.0,250.0,280.0,301.0,7.084999999999997,Fresh,False
BOT,Kick Sauber,41.0,96.437,30.804,41.851,23.782,HARD,11.0,235.0,258.0,280.0,298.0,7.0219999999999985,Used,False
BOT,Kick Sauber,42.0,96.374,30.9,41.717,23.757,HARD,12.0,235.0,256.0,280.0,297.0,7.142999999999997,Used,False
BOT,Kick Sauber,43.0,96.569,30.907,41.761,23.901,HARD,13.0,236.0,258.0,280.0,298.0,7.006,Used,False
BOT,Kick Sauber,44.0,96.63,30.844,41.917,23.869,HARD,14.0,235.0,255.0,280.0,295.0,6.975000000000001,Used,False
BOT,Kick Sauber,45.0,96.663,30.916,41.985,23.762,HARD,15.0,234.0,257.0,280.0,296.0,7.154,Used,False
BOT,Kick Sauber,46.0,96.297,30.825,41.72,23.752,HARD,16.0,237.0,261.0,281.0,298.0,7.073,Used,False
BOT,Kick Sauber,47.0,96.604,30.873,41.907,23.824,HARD,17.0,236.0,259.0,280.0,296.0,7.0489999999999995,Used,False
BOT,Kick Sauber,48.0,96.765,30.913,41.993,23.859,HARD,18.0,236.0,256.0,280.0,297.0,7.0539999999999985,Used,False
BOT,Kick Sauber,49.0,96.91,31.028,42.029,23.853,HARD,19.0,236.0,261.0,280.0,299.0,7.174999999999997,Used,False
BOT,Kick Sauber,50.0,96.91,31.025,41.997,23.888,HARD,20.0,234.0,258.0,280.0,296.0,7.136999999999997,Used,False
BOT,Kick Sauber,51.0,96.819,31.019,41.936,23.864,HARD,21.0,236.0,257.0,280.0,297.0,7.154999999999998,Used,False
BOT,Kick Sauber,52.0,96.949,30.997,41.98,23.972,HARD,22.0,237.0,259.0,280.0,298.0,7.024999999999999,Used,False
BOT,Kick Sauber,53.0,99.035,30.979,42.128,25.928,HARD,23.0,237.0,258.0,287.0,299.0,5.050999999999998,Used,False
BOT,Kick Sauber,54.0,97.095,30.705,42.292,24.098,HARD,24.0,237.0,256.0,281.0,322.0,6.606999999999999,Used,False
BOT,Kick Sauber,55.0,97.205,31.026,42.195,23.984,HARD,25.0,236.0,260.0,280.0,303.0,7.041999999999998,Used,False
BOT,Kick Sauber,56.0,97.956,31.235,42.521,24.2,HARD,26.0,237.0,259.0,280.0,301.0,7.035,Old,False
SAR,Williams,2.0,98.481,31.096,43.005,24.38,SOFT,2.0,231.0,248.0,282.0,308.0,6.716000000000001,Fresh,False
SAR,Williams,3.0,98.707,31.105,43.155,24.447,SOFT,3.0,229.0,245.0,285.0,308.0,6.658000000000001,Fresh,False
SAR,Williams,4.0,98.39,31.044,42.904,24.442,SOFT,4.0,228.0,249.0,283.0,309.0,6.602,Fresh,False
SAR,Williams,5.0,98.757,31.048,43.209,24.5,SOFT,5.0,227.0,248.0,281.0,312.0,6.547999999999998,Fresh,False
SAR,Williams,6.0,98.582,31.037,42.981,24.564,SOFT,6.0,227.0,251.0,282.0,308.0,6.472999999999999,Fresh,False
SAR,Williams,7.0,99.464,31.373,43.491,24.6,SOFT,7.0,227.0,251.0,281.0,313.0,6.773,Fresh,False
SAR,Williams,8.0,99.58,31.566,43.336,24.678,SOFT,8.0,227.0,252.0,280.0,313.0,6.887999999999998,Fresh,False
SAR,Williams,9.0,99.366,31.398,43.299,24.669,SOFT,9.0,228.0,252.0,277.0,310.0,6.728999999999999,Fresh,False
SAR,Williams,12.0,98.493,31.666,42.766,24.061,HARD,2.0,233.0,255.0,278.0,297.0,7.605,Fresh,False
SAR,Williams,13.0,100.989,31.427,43.601,25.961,HARD,3.0,231.0,253.0,249.0,298.0,5.466000000000001,Fresh,False
SAR,Williams,14.0,101.47,34.301,43.043,24.126,HARD,4.0,215.0,258.0,279.0,255.0,10.175,Fresh,True
SAR,Williams,15.0,97.594,31.044,42.414,24.136,HARD,5.0,228.0,259.0,279.0,303.0,6.908000000000001,Fresh,False
SAR,Williams,16.0,101.37,34.383,42.896,24.091,HARD,6.0,232.0,256.0,279.0,227.0,10.292000000000002,Fresh,True
SAR,Williams,17.0,99.758,31.181,42.77,25.807,HARD,7.0,230.0,256.0,281.0,294.0,5.374000000000002,Fresh,False
SAR,Williams,18.0,98.077,31.257,42.709,24.111,HARD,8.0,232.0,260.0,279.0,291.0,7.146000000000001,Fresh,False
SAR,Williams,19.0,97.742,31.201,42.532,24.009,HARD,9.0,232.0,259.0,279.0,295.0,7.192,Fresh,False
SAR,Williams,20.0,97.82,31.11,42.663,24.047,HARD,10.0,231.0,256.0,279.0,297.0,7.062999999999999,Fresh,False
SAR,Williams,21.0,98.009,31.167,42.681,24.161,HARD,11.0,229.0,254.0,278.0,293.0,7.006,Used,False
SAR,Williams,22.0,97.728,31.115,42.516,24.097,HARD,12.0,232.0,258.0,279.0,296.0,7.017999999999997,Used,False
SAR,Williams,23.0,97.621,31.065,42.487,24.069,HARD,13.0,232.0,258.0,279.0,295.0,6.996000000000002,Used,False
SAR,Williams,24.0,99.437,31.076,42.618,25.743,HARD,14.0,230.0,253.0,283.0,296.0,5.333000000000002,Used,False
SAR,Williams,25.0,99.093,32.025,42.881,24.187,HARD,15.0,213.0,259.0,279.0,290.0,7.837999999999997,Used,False
SAR,Williams,26.0,97.859,31.152,42.533,24.174,HARD,16.0,230.0,255.0,279.0,297.0,6.9780000000000015,Used,False
SAR,Williams,27.0,98.288,31.178,42.806,24.304,HARD,17.0,230.0,256.0,278.0,294.0,6.874000000000002,Used,False
SAR,Williams,28.0,100.535,31.128,42.603,26.804,HARD,18.0,231.0,259.0,,295.0,4.324000000000002,Used,False
SAR,Williams,30.0,95.715,30.623,41.483,23.609,HARD,2.0,234.0,263.0,283.0,298.0,7.013999999999999,Fresh,False
SAR,Williams,31.0,96.713,30.539,42.489,23.685,HARD,3.0,232.0,258.0,281.0,299.0,6.854000000000003,Fresh,False
SAR,Williams,32.0,96.563,30.82,41.868,23.875,HARD,4.0,232.0,257.0,282.0,297.0,6.945,Fresh,False
SAR,Williams,33.0,97.433,30.732,42.718,23.983,HARD,5.0,233.0,258.0,281.0,295.0,6.748999999999999,Fresh,False
SAR,Williams,34.0,96.475,30.708,41.944,23.823,HARD,6.0,231.0,258.0,280.0,296.0,6.884999999999998,Fresh,False
SAR,Williams,35.0,96.859,31.015,42.023,23.821,HARD,7.0,232.0,260.0,281.0,293.0,7.193999999999999,Fresh,False
SAR,Williams,36.0,96.462,30.805,41.808,23.849,HARD,8.0,232.0,259.0,281.0,295.0,6.9559999999999995,Fresh,False
SAR,Williams,37.0,96.785,30.826,42.127,23.832,HARD,9.0,233.0,258.0,281.0,296.0,6.994,Fresh,False
SAR,Williams,38.0,96.732,30.786,42.026,23.92,HARD,10.0,232.0,259.0,281.0,298.0,6.866,Fresh,False
SAR,Williams,39.0,97.016,30.987,42.097,23.932,HARD,11.0,231.0,261.0,281.0,296.0,7.055,Used,False
SAR,Williams,40.0,99.817,30.76,42.614,26.443,HARD,12.0,233.0,256.0,,297.0,4.317,Used,False
SAR,Williams,42.0,94.735,30.316,40.966,23.453,SOFT,2.0,236.0,260.0,282.0,295.0,6.8629999999999995,Fresh,False
SAR,Williams,43.0,95.001,30.462,41.076,23.463,SOFT,3.0,234.0,259.0,282.0,297.0,6.998999999999999,Fresh,False
SAR,Williams,44.0,95.13,30.599,41.146,23.385,SOFT,4.0,234.0,261.0,281.0,295.0,7.213999999999999,Fresh,False
SAR,Williams,45.0,95.333,30.587,41.272,23.474,SOFT,5.0,235.0,261.0,281.0,292.0,7.1129999999999995,Fresh,False
SAR,Williams,46.0,95.939,30.872,41.469,23.598,SOFT,6.0,234.0,260.0,287.0,286.0,7.274000000000001,Fresh,False
SAR,Williams,47.0,96.729,30.667,42.237,23.825,SOFT,7.0,233.0,260.0,288.0,313.0,6.842000000000002,Fresh,False
SAR,Williams,48.0,95.688,30.357,41.593,23.738,SOFT,8.0,231.0,257.0,281.0,325.0,6.619,Fresh,False
SAR,Williams,49.0,95.59,30.638,41.303,23.649,SOFT,9.0,234.0,258.0,281.0,297.0,6.989000000000001,Fresh,False
SAR,Williams,50.0,95.66,30.671,41.368,23.621,SOFT,10.0,234.0,259.0,281.0,293.0,7.050000000000001,Fresh,False
SAR,Williams,51.0,95.972,30.781,41.539,23.652,SOFT,11.0,233.0,261.0,281.0,291.0,7.128999999999998,Used,False
SAR,Williams,52.0,95.987,30.775,41.44,23.772,SOFT,12.0,233.0,262.0,281.0,292.0,7.003,Used,False
SAR,Williams,53.0,96.088,30.798,41.61,23.68,SOFT,13.0,232.0,261.0,281.0,292.0,7.1179999999999986,Used,False
SAR,Williams,54.0,99.614,32.179,43.748,23.687,SOFT,14.0,185.0,261.0,282.0,292.0,8.492,Used,False
SAR,Williams,55.0,96.209,30.671,41.782,23.756,SOFT,15.0,232.0,260.0,281.0,296.0,6.914999999999999,Used,False
